TokenID,ASTrns_KD,ASTrns_abl4,ASTrns,ASUncc_KD,ASUncc_abl4,ASUncc,ASUnrg_KD,ASUnrg_abl4,ASUnrg,AktAcc_KD,AktAcc_abl4,AktAcc,AktAch_KD,AktAch_abl4,AktAch,AktAct_KD,AktAct_abl4,AktAct,AktSemel_KD,AktSemel_abl4,AktSemel,AktState_KD,AktState_abl4,AktState,ClCntfcl_KD,ClCntfcl_abl4,ClCntfcl,ClNegPol_KD,ClNegPol_abl4,ClNegPol,DtDTAM_KD,DtDTAM_abl4,DtDTAM,DtExp_KD,DtExp_abl4,DtExp,DtRes_KD,DtRes_abl4,DtRes,DtUniv_KD,DtUniv_abl4,DtUniv,TLAspPfv_KD,TLAspPfv_abl4,TLAspPfv,TLMdIrr_KD,TLMdIrr_abl4,TLMdIrr,TLTS_KD,TLTS_abl4,TLTS,VcPass_KD,VcPass_abl4,VcPass
40001018,1,1,Y,0,0,Y,0,0,Y,0,0,Y,1,0,N,0,0,Y,0,0,Y,0,0,Y,0,0.0,Y,0,0.0,Y,0,0,Y,0,0,Y,1,1,Y,0,0,Y,1,1,Y,0,0,Y,1,1.0,Y,1,1,Y
40001024,1,1,Y,0,0,Y,0,0,Y,0,0,Y,1,1,Y,0,0,Y,0,0,Y,0,0,Y,0,0.0,Y,0,0.0,Y,0,1,N,0,1,N,1,1,Y,0,0,Y,1,1,Y,0,0,Y,1,1.0,Y,0,0,Y
40003002,0,0,Y,1,1,Y,0,0,Y,1,1,Y,0,1,N,0,0,Y,0,0,Y,0,0,Y,0,0.0,Y,0,0.0,Y,0,0,Y,0,0,Y,1,1,Y,0,0,Y,1,1,Y,0,0,Y,0,0.0,Y,0,0,Y
40003017,1,1,Y,0,0,Y,0,0,Y,0,0,Y,1,1,Y,0,0,Y,0,0,Y,0,0,Y,0,0.0,Y,0,0.0,Y,0,0,Y,0,0,Y,1,1,Y,0,0,Y,1,0,N,0,0,Y,0,0.0,Y,0,0,Y
40004012,1,1,Y,0,0,Y,0,0,Y,0,0,Y,1,1,Y,0,0,Y,0,0,Y,0,0,Y,0,0.0,Y,0,0.0,Y,0,0,Y,0,0,Y,1,1,Y,0,0,Y,1,1,Y,0,0,Y,1,1.0,Y,1,1,Y
40005027,1,1,Y,0,0,Y,0,0,Y,0,0,Y,1,1,Y,0,0,Y,0,0,Y,0,0,Y,0,0.0,Y,0,0.0,Y,0,0,Y,1,1,Y,0,0,Y,0,0,Y,1,0,N,0,0,Y,0,0.0,Y,0,0,Y
40005038,1,1,Y,0,0,Y,0,0,Y,0,0,Y,1,1,Y,0,0,Y,0,0,Y,0,0,Y,0,0.0,Y,0,0.0,Y,0,0,Y,1,1,Y,0,0,Y,0,0,Y,1,0,N,0,0,Y,0,0.0,Y,0,0,Y
40005043,1,1,Y,0,0,Y,0,0,Y,0,0,Y,1,1,Y,0,0,Y,0,0,Y,0,0,Y,0,0.0,Y,0,0.0,Y,0,0,Y,1,1,Y,0,0,Y,0,0,Y,1,0,N,0,0,Y,0,0.0,Y,0,0,Y
40006002,1,1,Y,0,0,Y,0,0,Y,0,0,Y,1,1,Y,0,0,Y,0,0,Y,0,0,Y,0,0.0,Y,0,0.0,Y,0,1,N,0,0,Y,1,1,Y,0,0,Y,1,1,Y,0,0,Y,0,1.0,N,1,1,Y
40006005,1,1,Y,0,0,Y,0,0,Y,0,0,Y,1,1,Y,0,0,Y,0,0,Y,0,0,Y,0,0.0,Y,0,0.0,Y,0,0,Y,0,0,Y,1,1,Y,0,0,Y,1,1,Y,0,0,Y,0,1.0,N,1,1,Y
40006016,1,1,Y,0,0,Y,0,0,Y,0,0,Y,1,1,Y,0,0,Y,0,0,Y,0,0,Y,0,0.0,Y,0,0.0,Y,0,0,Y,0,0,Y,1,1,Y,0,0,Y,1,1,Y,0,0,Y,0,0.0,Y,0,0,Y
40007028,1,1,Y,0,0,Y,0,0,Y,0,1,N,1,0,N,0,0,Y,0,0,Y,0,0,Y,0,0.0,Y,0,0.0,Y,0,1,N,0,0,Y,1,1,Y,0,0,Y,1,1,Y,0,0,Y,0,1.0,N,0,0,Y
40008010,1,1,Y,0,0,Y,0,0,Y,0,0,Y,1,1,Y,0,0,Y,0,0,Y,0,0,Y,0,0.0,Y,1,1.0,Y,0,1,N,0,1,N,1,1,Y,0,0,Y,1,0,N,0,0,Y,0,0.0,Y,0,0,Y
40008029,0,1,N,1,1,Y,0,0,Y,0,1,N,1,1,Y,0,0,Y,0,0,Y,0,0,Y,0,0.0,Y,0,0.0,Y,0,0,Y,0,0,Y,1,0,N,0,0,Y,1,1,Y,0,1,N,0,0.0,Y,0,0,Y
40009008,1,1,Y,0,0,Y,0,0,Y,0,0,Y,1,1,Y,0,0,Y,0,0,Y,0,0,Y,0,0.0,Y,0,0.0,Y,0,1,N,0,0,Y,1,1,Y,0,0,Y,1,1,Y,0,0,Y,1,1.0,Y,0,0,Y
40009016,1,1,Y,0,0,Y,0,0,Y,1,1,Y,0,1,N,0,0,Y,0,0,Y,0,0,Y,0,0.0,Y,0,1.0,N,0,0,Y,0,1,N,1,0,N,0,0,Y,1,0,N,0,0,Y,0,1.0,N,1,1,Y
40009022,1,1,Y,0,0,Y,0,0,Y,1,1,Y,0,1,N,0,0,Y,0,0,Y,0,0,Y,0,0.0,Y,0,0.0,Y,0,0,Y,0,0,Y,1,1,Y,0,0,Y,1,1,Y,0,0,Y,0,0.0,Y,0,0,Y
40009033,1,1,Y,0,0,Y,0,0,Y,0,0,Y,1,1,Y,0,0,Y,0,0,Y,0,0,Y,0,0.0,Y,1,1.0,Y,0,0,Y,1,1,Y,0,0,Y,0,0,Y,1,0,N,0,0,Y,0,0.0,Y,0,0,Y
40010023,0,1,N,1,0,N,0,0,Y,0,1,N,0,0,Y,1,0,N,0,0,Y,0,0,Y,0,0.0,Y,0,0.0,Y,0,1,N,1,0,N,0,0,Y,0,0,Y,0,0,Y,0,1,N,0,0.0,Y,0,0,Y
40011012a,0,1,N,1,1,Y,0,0,Y,0,0,Y,0,0,Y,0,0,Y,0,0,Y,1,0,N,0,0.0,Y,0,0.0,Y,0,1,N,0,0,Y,0,0,Y,1,1,Y,0,0,Y,0,0,Y,0,1.0,N,0,0,Y
40011012b,1,1,Y,0,0,Y,0,0,Y,0,1,N,0,0,Y,1,0,N,0,0,Y,0,0,Y,0,0.0,Y,0,0.0,Y,0,1,N,0,1,N,0,0,Y,1,1,Y,0,1,N,0,0,Y,0,0.0,Y,0,0,Y
40011021a,1,1,Y,0,0,Y,0,0,Y,1,0,N,0,0,Y,0,0,Y,0,0,Y,0,0,Y,1,1.0,Y,0,0.0,Y,0,0,Y,1,0,N,0,0,Y,0,0,Y,1,0,N,1,1,Y,1,1.0,Y,1,1,Y
40011021b,0,0,Y,0,0,Y,1,1,Y,0,0,Y,1,1,Y,0,0,Y,0,0,Y,0,0,Y,1,1.0,Y,0,0.0,Y,0,1,N,1,1,Y,0,0,Y,0,0,Y,1,1,Y,1,1,Y,0,1.0,N,0,0,Y
40011023a,1,1,Y,0,0,Y,0,0,Y,1,1,Y,0,0,Y,0,0,Y,0,0,Y,0,0,Y,1,1.0,Y,0,1.0,N,0,0,Y,1,0,N,0,0,Y,0,0,Y,1,1,Y,1,1,Y,1,1.0,Y,1,1,Y
40011023b,0,0,Y,1,1,Y,0,0,Y,0,0,Y,0,0,Y,0,0,Y,0,0,Y,1,1,Y,1,1.0,Y,0,1.0,N,0,1,N,0,0,Y,0,0,Y,1,1,Y,0,0,Y,1,1,Y,0,1.0,N,0,0,Y
40011025a,1,1,Y,0,0,Y,0,0,Y,1,0,N,0,1,N,0,0,Y,0,0,Y,0,0,Y,0,0.0,Y,0,0.0,Y,0,0,Y,0,1,N,1,1,Y,0,0,Y,1,1,Y,0,0,Y,0,0.0,Y,0,0,Y
40011025b,1,1,Y,0,0,Y,0,0,Y,0,0,Y,1,1,Y,0,0,Y,0,0,Y,0,0,Y,0,0.0,Y,0,0.0,Y,0,0,Y,0,0,Y,1,1,Y,0,0,Y,1,1,Y,0,0,Y,0,0.0,Y,0,0,Y
40011027,1,1,Y,0,0,Y,0,0,Y,1,0,N,0,1,N,0,0,Y,0,0,Y,0,0,Y,0,0.0,Y,0,0.0,Y,0,0,Y,0,0,Y,1,1,Y,0,0,Y,1,1,Y,0,0,Y,0,1.0,N,1,1,Y
40012007a,0,1,N,1,0,N,0,0,Y,0,0,Y,0,0,Y,0,0,Y,0,0,Y,1,1,Y,1,1.0,Y,0,0.0,Y,0,0,Y,0,1,N,0,0,Y,1,0,N,0,0,Y,1,1,Y,1,1.0,Y,0,0,Y
40012007b,1,1,Y,0,0,Y,0,0,Y,0,0,Y,1,1,Y,0,0,Y,0,0,Y,0,0,Y,1,1.0,Y,1,1.0,Y,0,0,Y,0,1,N,1,0,N,0,0,Y,1,1,Y,1,1,Y,0,1.0,N,0,0,Y
40012018,1,1,Y,0,0,Y,0,0,Y,0,0,Y,1,1,Y,0,0,Y,0,0,Y,0,0,Y,0,0.0,Y,0,0.0,Y,0,0,Y,0,0,Y,1,1,Y,0,0,Y,1,1,Y,0,0,Y,0,0.0,Y,0,0,Y
40012028,0,0,Y,1,1,Y,0,0,Y,1,1,Y,0,1,N,0,0,Y,0,0,Y,0,0,Y,0,0.0,Y,0,0.0,Y,0,0,Y,0,0,Y,1,1,Y,0,0,Y,1,1,Y,0,0,Y,0,0.0,Y,0,0,Y
40013051,0,1,N,1,0,N,0,0,Y,0,0,Y,1,1,Y,0,0,Y,0,0,Y,0,0,Y,0,0.0,Y,0,0.0,Y,0,0,Y,0,1,N,1,1,Y,0,0,Y,1,1,Y,0,0,Y,0,0.0,Y,0,0,Y
40013052,1,1,Y,0,0,Y,0,0,Y,1,1,Y,0,1,N,0,0,Y,0,0,Y,0,0,Y,0,0.0,Y,0,0.0,Y,0,0,Y,0,0,Y,1,1,Y,0,0,Y,1,1,Y,0,0,Y,0,1.0,N,1,0,N
40014004,1,1,Y,0,0,Y,0,0,Y,0,0,Y,1,1,Y,0,0,Y,0,0,Y,0,0,Y,0,0.0,Y,0,0.0,Y,0,0,Y,1,1,Y,0,1,N,0,0,Y,1,1,Y,0,0,Y,0,1.0,N,0,0,Y
40015006,1,1,Y,0,0,Y,0,0,Y,0,0,Y,1,1,Y,0,0,Y,0,0,Y,0,0,Y,0,0.0,Y,0,0.0,Y,0,0,Y,0,0,Y,1,1,Y,0,0,Y,1,1,Y,0,0,Y,0,0.0,Y,0,0,Y
40015013,1,1,Y,0,0,Y,0,0,Y,1,1,Y,0,1,N,0,0,Y,0,0,Y,0,0,Y,0,0.0,Y,1,1.0,Y,0,0,Y,0,1,N,1,0,N,0,0,Y,1,0,N,0,0,Y,0,0.0,Y,0,0,Y
40015032,0,1,N,1,0,N,0,0,Y,0,0,Y,0,0,Y,0,1,N,0,0,Y,1,1,Y,0,0.0,Y,0,0.0,Y,0,1,N,0,0,Y,0,0,Y,1,0,N,0,0,Y,0,0,Y,0,0.0,Y,0,0,Y
40017009,0,0,Y,1,1,Y,0,0,Y,1,0,N,0,1,N,0,0,Y,0,0,Y,0,0,Y,0,0.0,Y,0,0.0,Y,0,1,N,0,0,Y,1,1,Y,0,0,Y,1,1,Y,0,1,N,0,0.0,Y,0,0,Y
40017012,0,0,Y,1,1,Y,0,0,Y,1,0,N,0,1,N,0,0,Y,0,0,Y,0,0,Y,0,0.0,Y,0,0.0,Y,0,0,Y,0,0,Y,1,1,Y,0,0,Y,1,1,Y,0,0,Y,0,0.0,Y,0,0,Y
40018012,0,0,Y,1,1,Y,0,0,Y,0,0,Y,1,0,N,0,0,Y,0,0,Y,0,0,Y,0,0.0,Y,0,0.0,Y,0,0,Y,0,0,Y,1,1,Y,0,0,Y,1,0,N,0,0,Y,0,0.0,Y,0,0,Y
40018013a,1,0,N,0,0,Y,0,0,Y,0,0,Y,1,0,N,0,0,Y,0,0,Y,0,0,Y,1,1.0,Y,0,0.0,Y,1,0,N,0,0,Y,1,0,N,0,0,Y,1,1,Y,1,1,Y,0,1.0,N,1,0,N
40018013b,0,0,Y,1,0,N,0,1,N,0,0,Y,0,0,Y,0,1,N,0,0,Y,1,0,N,1,1.0,Y,0,0.0,Y,0,1,N,0,0,Y,0,0,Y,1,0,N,0,0,Y,1,1,Y,0,1.0,N,0,0,Y
40018015,1,1,Y,0,0,Y,0,0,Y,0,1,N,1,1,Y,0,0,Y,0,0,Y,0,0,Y,0,0.0,Y,0,0.0,Y,0,0,Y,0,0,Y,1,1,Y,0,0,Y,1,1,Y,1,0,N,0,0.0,Y,0,0,Y
40018031,1,1,Y,0,0,Y,0,0,Y,1,0,N,1,0,N,0,0,Y,0,0,Y,0,0,Y,0,0.0,Y,0,0.0,Y,0,1,N,1,0,N,1,1,Y,0,0,Y,1,1,Y,0,0,Y,1,1.0,Y,1,1,Y
40019006,1,1,Y,0,0,Y,0,0,Y,0,0,Y,1,1,Y,0,0,Y,0,0,Y,0,0,Y,0,0.0,Y,0,0.0,Y,0,0,Y,0,0,Y,1,1,Y,0,0,Y,1,1,Y,0,0,Y,0,0.0,Y,0,0,Y
40019011,1,1,Y,0,0,Y,0,0,Y,0,0,Y,1,1,Y,0,0,Y,0,0,Y,0,0,Y,0,0.0,Y,0,0.0,Y,0,0,Y,0,0,Y,1,1,Y,0,0,Y,1,1,Y,0,0,Y,0,0.0,Y,0,0,Y
40019012,1,1,Y,0,0,Y,0,1,N,0,1,N,1,1,Y,0,0,Y,0,0,Y,0,0,Y,0,0.0,Y,0,0.0,Y,0,0,Y,0,1,N,1,1,Y,0,0,Y,1,1,Y,0,1,N,0,0.0,Y,0,0,Y
40019020,1,1,Y,0,0,Y,0,0,Y,1,0,N,0,0,Y,0,0,Y,0,0,Y,0,0,Y,0,0.0,Y,0,0.0,Y,0,0,Y,0,0,Y,1,0,N,0,0,Y,1,1,Y,0,0,Y,0,0.0,Y,0,0,Y
40019027,1,1,Y,0,0,Y,0,0,Y,0,0,Y,1,1,Y,0,0,Y,0,0,Y,0,0,Y,0,0.0,Y,0,0.0,Y,0,0,Y,0,0,Y,1,1,Y,0,0,Y,1,1,Y,0,0,Y,0,0.0,Y,0,0,Y
40019028,1,0,N,0,1,N,0,0,Y,0,1,N,0,0,Y,1,0,N,0,0,Y,0,0,Y,0,0.0,Y,0,0.0,Y,0,1,N,0,0,Y,0,0,Y,1,0,N,0,1,N,0,0,Y,0,0.0,Y,0,0,Y
40019029,1,1,Y,0,0,Y,0,0,Y,0,0,Y,1,1,Y,0,0,Y,0,0,Y,0,0,Y,0,0.0,Y,0,0.0,Y,0,0,Y,0,0,Y,1,1,Y,0,0,Y,1,1,Y,0,0,Y,0,0.0,Y,0,0,Y
40020007,1,1,Y,0,0,Y,0,0,Y,0,0,Y,1,1,Y,0,0,Y,0,0,Y,0,0,Y,0,0.0,Y,1,1.0,Y,0,0,Y,0,1,N,1,0,N,0,0,Y,1,1,Y,0,0,Y,0,0.0,Y,0,0,Y
40020012a,1,1,Y,0,0,Y,0,1,N,1,0,N,0,0,Y,0,0,Y,0,0,Y,0,0,Y,0,0.0,Y,0,0.0,Y,0,0,Y,0,0,Y,1,0,N,0,0,Y,1,1,Y,0,0,Y,0,0.0,Y,0,0,Y
40020012b,1,1,Y,0,0,Y,0,0,Y,0,1,N,1,1,Y,0,0,Y,0,0,Y,0,0,Y,0,0.0,Y,0,0.0,Y,0,0,Y,0,0,Y,1,1,Y,0,0,Y,1,1,Y,0,0,Y,0,0.0,Y,0,0,Y
40020012c,1,1,Y,0,0,Y,0,0,Y,0,1,N,0,0,Y,1,0,N,0,0,Y,0,0,Y,0,0.0,Y,0,0.0,Y,0,0,Y,0,1,N,1,0,N,0,1,N,1,1,Y,0,0,Y,0,0.0,Y,0,0,Y
40020023,1,1,Y,0,0,Y,0,0,Y,1,1,Y,0,0,Y,0,0,Y,0,0,Y,0,0,Y,0,0.0,Y,0,0.0,Y,0,0,Y,0,0,Y,1,1,Y,0,0,Y,1,1,Y,0,1,N,0,1.0,N,1,1,Y
40021016,1,1,Y,0,0,Y,0,0,Y,1,1,Y,0,1,N,0,0,Y,0,0,Y,0,0,Y,0,0.0,Y,0,0.0,Y,0,0,Y,0,0,Y,1,1,Y,0,0,Y,1,1,Y,0,0,Y,0,0.0,Y,0,0,Y
40021042a,1,1,Y,0,0,Y,0,0,Y,1,1,Y,0,0,Y,0,0,Y,0,0,Y,0,0,Y,0,0.0,Y,0,0.0,Y,0,0,Y,1,1,Y,0,0,Y,0,0,Y,1,1,Y,0,0,Y,0,0.0,Y,0,0,Y
40021042b,1,1,Y,0,0,Y,0,0,Y,0,0,Y,1,1,Y,0,0,Y,0,0,Y,0,0,Y,0,0.0,Y,0,0.0,Y,0,0,Y,0,0,Y,1,1,Y,0,0,Y,1,1,Y,0,0,Y,0,1.0,N,1,0,N
40022004,1,1,Y,0,0,Y,0,0,Y,1,1,Y,0,0,Y,0,0,Y,0,0,Y,0,0,Y,0,0.0,Y,0,0.0,Y,0,0,Y,0,0,Y,1,1,Y,0,0,Y,1,1,Y,0,0,Y,0,0.0,Y,0,0,Y
40022031,1,1,Y,0,0,Y,0,0,Y,1,1,Y,0,0,Y,0,0,Y,0,0,Y,0,0,Y,0,0.0,Y,0,0.0,Y,0,0,Y,1,1,Y,0,0,Y,0,0,Y,1,1,Y,0,0,Y,0,0.0,Y,0,0,Y
40022034,1,1,Y,0,0,Y,0,0,Y,0,0,Y,1,1,Y,0,0,Y,0,0,Y,0,0,Y,0,0.0,Y,0,0.0,Y,0,1,N,0,0,Y,1,1,Y,0,0,Y,1,1,Y,0,0,Y,1,1.0,Y,0,0,Y
40023023,1,1,Y,0,0,Y,0,0,Y,0,0,Y,0,1,N,0,0,Y,0,0,Y,1,0,N,0,0.0,Y,0,1.0,N,0,0,Y,0,0,Y,0,1,N,1,0,N,0,1,N,0,0,Y,0,0.0,Y,0,0,Y
40023030,0,1,N,1,0,N,0,0,Y,0,0,Y,0,0,Y,0,0,Y,0,0,Y,1,0,N,1,1.0,Y,1,1.0,Y,0,0,Y,0,1,N,0,0,Y,1,0,N,0,0,Y,1,1,Y,0,1.0,N,0,1,N
40024043a,1,1,Y,0,0,Y,0,0,Y,0,0,Y,0,0,Y,0,0,Y,0,0,Y,1,1,Y,1,1.0,Y,0,0.0,Y,0,0,Y,0,0,Y,0,0,Y,1,0,N,0,0,Y,1,1,Y,0,1.0,N,0,0,Y
40024043b,0,1,N,0,0,Y,1,0,N,0,0,Y,0,0,Y,1,1,Y,0,0,Y,0,0,Y,1,1.0,Y,0,0.0,Y,0,0,Y,0,0,Y,0,0,Y,1,0,N,0,1,N,1,1,Y,0,1.0,N,0,0,Y
40024043c,1,1,Y,0,0,Y,0,0,Y,1,0,N,0,1,N,0,0,Y,0,0,Y,0,0,Y,1,1.0,Y,1,1.0,Y,0,0,Y,0,0,Y,1,0,N,0,0,Y,1,1,Y,1,1,Y,0,1.0,N,1,1,Y
40025021,0,0,Y,1,1,Y,0,0,Y,0,0,Y,0,0,Y,0,0,Y,0,0,Y,1,0,N,0,0.0,Y,0,0.0,Y,0,0,Y,0,0,Y,0,0,Y,1,1,Y,0,0,Y,0,0,Y,0,1.0,N,0,0,Y
40025027a,1,1,Y,0,0,Y,0,0,Y,0,0,Y,1,1,Y,0,0,Y,0,0,Y,0,0,Y,0,1.0,N,0,0.0,Y,0,0,Y,0,1,N,1,0,N,0,0,Y,1,1,Y,1,1,Y,0,1.0,N,0,0,Y
40025027b,1,1,Y,0,0,Y,0,0,Y,0,0,Y,1,1,Y,0,0,Y,0,0,Y,0,0,Y,0,1.0,N,0,0.0,Y,0,0,Y,0,0,Y,1,0,N,0,0,Y,1,1,Y,1,1,Y,0,1.0,N,0,0,Y
40026001,0,0,Y,0,0,Y,1,1,Y,0,1,N,1,0,N,0,0,Y,0,0,Y,0,0,Y,0,0.0,Y,0,0.0,Y,0,1,N,0,0,Y,1,1,Y,0,0,Y,1,1,Y,0,0,Y,1,1.0,Y,0,0,Y
40026009,1,1,Y,0,0,Y,0,0,Y,0,0,Y,1,1,Y,0,0,Y,0,0,Y,0,0,Y,0,1.0,N,0,0.0,Y,0,0,Y,0,0,Y,1,0,N,0,0,Y,1,1,Y,1,1,Y,0,1.0,N,1,1,Y
40026024a,0,0,Y,1,1,Y,0,0,Y,0,0,Y,0,0,Y,0,0,Y,0,0,Y,1,0,N,1,1.0,Y,0,0.0,Y,0,0,Y,0,0,Y,0,0,Y,1,0,N,0,0,Y,1,1,Y,0,1.0,N,0,0,Y
40026024b,1,1,Y,0,1,N,0,0,Y,0,0,Y,1,1,Y,0,0,Y,0,0,Y,0,0,Y,1,1.0,Y,1,1.0,Y,0,0,Y,0,0,Y,1,0,N,0,0,Y,1,0,N,1,1,Y,1,1.0,Y,1,1,Y
40026047,1,1,Y,0,0,Y,0,0,Y,0,0,Y,1,1,Y,0,0,Y,0,0,Y,0,0,Y,0,0.0,Y,0,0.0,Y,0,0,Y,0,0,Y,1,1,Y,0,0,Y,1,1,Y,0,0,Y,1,1.0,Y,0,0,Y
40026056,0,0,Y,1,1,Y,0,0,Y,0,0,Y,1,1,Y,0,0,Y,0,0,Y,0,0,Y,0,0.0,Y,0,0.0,Y,0,0,Y,1,0,N,0,1,N,0,0,Y,1,1,Y,0,0,Y,0,0.0,Y,0,0,Y
40026065,1,1,Y,0,0,Y,0,0,Y,0,0,Y,1,1,Y,0,0,Y,0,0,Y,0,0,Y,0,0.0,Y,0,0.0,Y,0,0,Y,1,1,Y,0,0,Y,0,0,Y,1,0,N,0,0,Y,0,0.0,Y,0,0,Y
40027004,1,1,Y,0,0,Y,0,0,Y,0,0,Y,1,0,N,0,0,Y,0,0,Y,0,0,Y,0,0.0,Y,0,0.0,Y,0,0,Y,1,1,Y,0,1,N,0,0,Y,1,1,Y,0,0,Y,0,0.0,Y,0,0,Y
40027019,1,1,Y,0,0,Y,0,0,Y,0,0,Y,0,0,Y,1,0,N,0,0,Y,0,0,Y,0,0.0,Y,0,0.0,Y,0,1,N,0,0,Y,0,0,Y,1,0,N,0,0,Y,0,0,Y,0,1.0,N,0,0,Y
40027023,1,1,Y,0,0,Y,0,0,Y,1,0,N,0,1,N,0,0,Y,0,0,Y,0,0,Y,0,0.0,Y,0,0.0,Y,0,0,Y,1,1,Y,0,0,Y,0,0,Y,1,1,Y,0,0,Y,0,0.0,Y,0,0,Y
40027046,1,1,Y,0,0,Y,0,0,Y,0,0,Y,1,1,Y,0,0,Y,0,0,Y,0,0,Y,0,0.0,Y,0,1.0,N,0,0,Y,0,0,Y,1,1,Y,0,0,Y,1,1,Y,0,0,Y,0,0.0,Y,0,0,Y
40027060,1,1,Y,0,0,Y,0,0,Y,1,1,Y,0,0,Y,0,0,Y,0,0,Y,0,0,Y,0,0.0,Y,0,0.0,Y,0,0,Y,0,0,Y,1,1,Y,0,0,Y,1,1,Y,0,0,Y,1,1.0,Y,0,0,Y
40028005,1,1,Y,0,0,Y,0,0,Y,0,0,Y,1,1,Y,0,0,Y,0,0,Y,0,0,Y,0,0.0,Y,0,0.0,Y,0,0,Y,0,0,Y,1,1,Y,0,0,Y,1,1,Y,0,0,Y,0,1.0,N,1,1,Y
40028006,0,0,Y,1,1,Y,0,0,Y,0,0,Y,1,1,Y,0,0,Y,0,0,Y,0,0,Y,0,0.0,Y,0,0.0,Y,0,1,N,0,0,Y,1,1,Y,0,0,Y,1,1,Y,0,0,Y,0,0.0,Y,0,0,Y
40028007a,0,0,Y,1,1,Y,0,0,Y,0,0,Y,1,1,Y,0,0,Y,0,0,Y,0,0,Y,0,0.0,Y,0,0.0,Y,0,0,Y,0,0,Y,1,1,Y,0,0,Y,1,1,Y,0,0,Y,0,0.0,Y,0,0,Y
40028007b,1,1,Y,0,0,Y,0,0,Y,0,0,Y,1,1,Y,0,0,Y,0,0,Y,0,0,Y,0,0.0,Y,0,0.0,Y,0,0,Y,1,1,Y,0,0,Y,0,0,Y,1,0,N,0,0,Y,0,0.0,Y,0,0,Y
40028018,1,1,Y,0,0,Y,0,0,Y,0,0,Y,1,1,Y,0,0,Y,0,0,Y,0,0,Y,0,0.0,Y,0,0.0,Y,0,0,Y,0,0,Y,1,1,Y,0,0,Y,1,1,Y,0,0,Y,0,1.0,N,1,1,Y
40028020,1,1,Y,0,0,Y,0,0,Y,0,0,Y,1,0,N,0,0,Y,0,0,Y,0,0,Y,0,0.0,Y,0,0.0,Y,0,0,Y,1,1,Y,0,1,N,0,0,Y,1,1,Y,0,0,Y,0,0.0,Y,0,0,Y
41001015,0,0,Y,1,1,Y,0,0,Y,0,0,Y,1,1,Y,0,0,Y,0,0,Y,0,0,Y,0,0.0,Y,0,0.0,Y,0,0,Y,0,0,Y,1,1,Y,0,0,Y,1,1,Y,0,0,Y,0,0.0,Y,0,0,Y
41001024,0,0,Y,1,0,N,0,0,Y,0,1,N,1,1,Y,0,0,Y,0,0,Y,0,0,Y,0,0.0,Y,0,0.0,Y,0,0,Y,0,0,Y,1,0,N,0,0,Y,1,1,Y,0,0,Y,0,0.0,Y,0,0,Y
41002012,1,1,Y,0,0,Y,0,0,Y,0,0,Y,1,1,Y,0,0,Y,0,0,Y,0,0,Y,0,0.0,Y,1,1.0,Y,0,0,Y,1,1,Y,0,0,Y,0,0,Y,1,0,N,0,0,Y,0,0.0,Y,0,0,Y
41002017,0,0,Y,1,0,N,0,0,Y,0,1,N,1,1,Y,0,0,Y,0,0,Y,0,0,Y,0,0.0,Y,0,0.0,Y,0,0,Y,0,0,Y,1,1,Y,0,0,Y,1,1,Y,0,0,Y,0,0.0,Y,0,0,Y
41003021,1,1,Y,0,0,Y,0,0,Y,0,0,Y,1,1,Y,0,0,Y,0,0,Y,0,0,Y,0,0.0,Y,0,0.0,Y,0,1,N,0,0,Y,1,1,Y,0,0,Y,1,1,Y,0,0,Y,0,0.0,Y,0,0,Y
41003026,0,0,Y,1,1,Y,0,0,Y,0,0,Y,1,1,Y,0,0,Y,0,0,Y,0,0,Y,0,0.0,Y,0,0.0,Y,0,0,Y,0,0,Y,1,0,N,0,0,Y,1,1,Y,0,1,N,0,0.0,Y,0,0,Y
41004015a,1,1,Y,0,0,Y,0,0,Y,0,0,Y,1,1,Y,0,0,Y,0,0,Y,0,0,Y,0,0.0,Y,0,0.0,Y,0,1,N,1,1,Y,0,0,Y,0,0,Y,1,0,N,1,0,N,0,0.0,Y,0,0,Y
41004015b,1,1,Y,0,0,Y,0,0,Y,1,1,Y,0,1,N,0,0,Y,0,0,Y,0,0,Y,0,0.0,Y,0,0.0,Y,0,0,Y,0,0,Y,1,1,Y,0,0,Y,1,1,Y,0,0,Y,0,1.0,N,1,1,Y
41004016,1,1,Y,0,0,Y,0,0,Y,0,0,Y,1,1,Y,0,0,Y,0,0,Y,0,0,Y,0,0.0,Y,0,0.0,Y,0,1,N,1,1,Y,0,0,Y,0,0,Y,1,1,Y,1,0,N,0,0.0,Y,0,0,Y
41004018,1,1,Y,0,0,Y,0,0,Y,0,0,Y,1,1,Y,0,0,Y,0,0,Y,0,0,Y,0,0.0,Y,0,0.0,Y,0,0,Y,1,1,Y,0,0,Y,0,0,Y,1,1,Y,0,0,Y,0,0.0,Y,0,0,Y
41004029,0,0,Y,1,1,Y,0,0,Y,0,0,Y,1,1,Y,0,0,Y,0,0,Y,0,0,Y,0,0.0,Y,0,0.0,Y,0,1,N,0,0,Y,1,1,Y,0,0,Y,1,1,Y,0,0,Y,0,0.0,Y,0,0,Y
41005014,0,0,Y,1,0,N,0,0,Y,0,0,Y,1,1,Y,0,0,Y,0,0,Y,0,0,Y,0,0.0,Y,0,0.0,Y,0,0,Y,1,1,Y,0,0,Y,0,0,Y,1,1,Y,0,0,Y,1,1.0,Y,0,0,Y
41005015,0,1,N,1,0,N,0,0,Y,0,0,Y,0,1,N,0,0,Y,0,0,Y,1,0,N,0,0.0,Y,0,0.0,Y,0,1,N,0,0,Y,0,1,N,1,0,N,0,1,N,0,0,Y,1,1.0,Y,0,0,Y
41005018,0,1,N,1,0,N,0,0,Y,0,0,Y,0,0,Y,0,0,Y,0,0,Y,1,0,N,0,0.0,Y,0,0.0,Y,0,0,Y,0,0,Y,0,0,Y,1,1,Y,0,1,N,0,0,Y,1,1.0,Y,0,1,N
41005020,1,1,Y,0,0,Y,0,0,Y,1,0,N,0,1,N,0,0,Y,0,0,Y,0,0,Y,0,0.0,Y,0,0.0,Y,0,0,Y,0,1,N,1,1,Y,0,0,Y,1,1,Y,0,0,Y,1,1.0,Y,0,0,Y
41005032,1,1,Y,0,0,Y,0,0,Y,0,0,Y,0,0,Y,1,0,N,0,0,Y,0,0,Y,0,0.0,Y,0,0.0,Y,0,0,Y,0,1,N,1,1,Y,0,0,Y,1,1,Y,0,0,Y,1,1.0,Y,0,0,Y
41005034,1,1,Y,0,0,Y,0,0,Y,0,1,N,1,1,Y,0,0,Y,0,0,Y,0,0,Y,0,0.0,Y,0,0.0,Y,0,0,Y,0,0,Y,1,1,Y,0,0,Y,1,1,Y,0,0,Y,0,0.0,Y,0,0,Y
41006014a,0,0,Y,1,1,Y,0,0,Y,1,1,Y,0,1,N,0,0,Y,0,0,Y,0,0,Y,0,0.0,Y,0,0.0,Y,0,0,Y,0,0,Y,1,1,Y,0,0,Y,1,1,Y,0,0,Y,1,1.0,Y,0,0,Y
41006014b,0,0,Y,1,1,Y,0,0,Y,0,0,Y,1,1,Y,0,0,Y,0,0,Y,0,0,Y,0,0.0,Y,0,0.0,Y,0,0,Y,0,0,Y,1,1,Y,0,0,Y,1,1,Y,0,0,Y,1,1.0,Y,0,0,Y
41006030,1,1,Y,0,0,Y,0,0,Y,1,0,N,0,0,Y,0,0,Y,0,0,Y,0,0,Y,0,0.0,Y,0,0.0,Y,0,0,Y,0,1,N,1,1,Y,0,0,Y,1,1,Y,0,0,Y,1,1.0,Y,0,0,Y
41006052,1,1,Y,0,0,Y,0,0,Y,0,0,Y,0,1,N,0,0,Y,0,0,Y,1,0,N,0,0.0,Y,1,1.0,Y,0,0,Y,0,1,N,0,0,Y,1,0,N,0,0,Y,0,0,Y,1,1.0,Y,0,0,Y
41007029,0,1,N,1,1,Y,0,0,Y,0,0,Y,1,1,Y,0,0,Y,0,0,Y,0,0,Y,0,0.0,Y,0,0.0,Y,0,0,Y,0,0,Y,1,1,Y,0,0,Y,1,1,Y,0,0,Y,0,0.0,Y,0,0,Y
41009009a,1,1,Y,0,0,Y,0,0,Y,0,0,Y,1,1,Y,0,0,Y,0,0,Y,0,0,Y,0,0.0,Y,0,0.0,Y,0,1,N,1,1,Y,0,0,Y,0,0,Y,1,0,N,0,0,Y,1,1.0,Y,0,0,Y
41009009b,0,0,Y,1,1,Y,0,0,Y,0,0,Y,1,1,Y,0,0,Y,0,0,Y,0,0,Y,0,0.0,Y,0,0.0,Y,0,1,N,0,0,Y,1,1,Y,0,0,Y,1,1,Y,0,1,N,1,1.0,Y,0,0,Y
41009013a,0,0,Y,1,1,Y,0,0,Y,0,0,Y,1,1,Y,0,0,Y,0,0,Y,0,0,Y,0,0.0,Y,0,0.0,Y,0,0,Y,0,0,Y,1,1,Y,0,0,Y,1,1,Y,0,0,Y,0,0.0,Y,0,0,Y
41009013b,1,1,Y,0,0,Y,0,0,Y,1,0,N,0,0,Y,0,0,Y,0,0,Y,0,0,Y,0,0.0,Y,0,0.0,Y,0,0,Y,0,0,Y,1,0,N,0,0,Y,1,1,Y,0,0,Y,0,0.0,Y,0,0,Y
41009021,0,0,Y,1,0,N,0,0,Y,0,0,Y,0,0,Y,1,1,Y,0,0,Y,0,0,Y,0,0.0,Y,0,0.0,Y,0,1,N,0,0,Y,0,0,Y,1,1,Y,0,0,Y,0,0,Y,0,1.0,N,0,0,Y
41009034,1,1,Y,0,0,Y,0,0,Y,1,0,N,0,0,Y,0,0,Y,0,0,Y,0,0,Y,0,0.0,Y,0,0.0,Y,0,0,Y,1,1,Y,0,0,Y,0,0,Y,1,1,Y,0,0,Y,1,1.0,Y,0,0,Y
41010009,1,1,Y,0,0,Y,0,0,Y,0,0,Y,1,1,Y,0,0,Y,0,0,Y,0,0,Y,0,0.0,Y,0,0.0,Y,0,0,Y,0,0,Y,1,1,Y,0,0,Y,1,1,Y,0,0,Y,0,0.0,Y,0,0,Y
41010020,1,1,Y,0,0,Y,0,0,Y,0,0,Y,0,0,Y,1,0,N,0,0,Y,0,0,Y,0,0.0,Y,0,0.0,Y,0,1,N,0,1,N,0,0,Y,1,1,Y,0,0,Y,0,0,Y,0,0.0,Y,0,0,Y
41010028a,1,1,Y,0,0,Y,0,0,Y,0,0,Y,1,1,Y,0,0,Y,0,0,Y,0,0,Y,0,0.0,Y,0,0.0,Y,0,0,Y,0,0,Y,1,1,Y,0,0,Y,1,1,Y,0,0,Y,0,0.0,Y,0,0,Y
41010028b,1,1,Y,0,0,Y,0,0,Y,0,1,N,0,0,Y,1,0,N,0,0,Y,0,0,Y,0,0.0,Y,0,0.0,Y,0,0,Y,0,0,Y,0,0,Y,1,0,N,0,1,N,0,0,Y,0,0.0,Y,0,0,Y
41010029,1,1,Y,0,0,Y,0,0,Y,0,0,Y,1,1,Y,0,0,Y,0,0,Y,0,0,Y,0,0.0,Y,0,0.0,Y,0,0,Y,0,0,Y,1,0,N,0,0,Y,1,0,N,0,0,Y,0,0.0,Y,0,0,Y
41010040,1,1,Y,0,0,Y,0,0,Y,0,1,N,1,1,Y,0,0,Y,0,0,Y,0,0,Y,0,0.0,Y,0,0.0,Y,0,0,Y,0,0,Y,1,1,Y,0,0,Y,1,1,Y,0,0,Y,0,1.0,N,1,1,Y
41010052,1,1,Y,0,0,Y,0,0,Y,1,1,Y,0,1,N,0,0,Y,0,0,Y,0,0,Y,0,0.0,Y,0,0.0,Y,0,0,Y,0,0,Y,1,1,Y,0,0,Y,1,1,Y,0,0,Y,0,0.0,Y,0,0,Y
41011002,1,1,Y,0,0,Y,0,0,Y,0,0,Y,0,0,Y,1,0,N,0,0,Y,0,0,Y,0,0.0,Y,1,1.0,Y,0,0,Y,1,1,Y,0,0,Y,0,0,Y,1,0,N,0,0,Y,0,0.0,Y,0,0,Y
41011017,1,1,Y,0,0,Y,0,0,Y,1,1,Y,0,0,Y,0,0,Y,0,0,Y,0,0,Y,0,0.0,Y,0,0.0,Y,0,1,N,0,0,Y,1,1,Y,0,0,Y,1,1,Y,0,0,Y,0,0.0,Y,0,0,Y
41012010,1,1,Y,0,0,Y,0,0,Y,1,1,Y,0,0,Y,0,0,Y,0,0,Y,0,0,Y,0,0.0,Y,1,1.0,Y,0,0,Y,1,1,Y,0,0,Y,0,0,Y,1,0,N,0,0,Y,0,0.0,Y,0,0,Y
41013019,0,0,Y,1,1,Y,0,0,Y,0,0,Y,0,0,Y,0,0,Y,0,0,Y,1,0,N,0,0.0,Y,0,1.0,N,0,0,Y,1,1,Y,0,0,Y,0,1,N,1,0,N,0,0,Y,0,1.0,N,0,0,Y
41013023,1,1,Y,0,0,Y,0,0,Y,0,0,Y,1,1,Y,0,0,Y,0,0,Y,0,0,Y,0,0.0,Y,0,0.0,Y,0,1,N,1,1,Y,0,1,N,0,0,Y,1,1,Y,0,0,Y,0,0.0,Y,0,0,Y
41014005a,1,1,Y,0,0,Y,0,0,Y,0,0,Y,1,1,Y,0,0,Y,0,0,Y,0,0,Y,0,1.0,N,0,0.0,Y,0,0,Y,0,0,Y,1,0,N,0,0,Y,1,1,Y,1,1,Y,0,1.0,N,1,1,Y
41014005b,1,1,Y,0,0,Y,0,0,Y,0,0,Y,1,1,Y,0,0,Y,0,0,Y,0,0,Y,0,1.0,N,0,0.0,Y,0,0,Y,0,0,Y,1,0,N,0,0,Y,1,1,Y,1,1,Y,0,1.0,N,1,1,Y
41014009,1,1,Y,0,0,Y,0,0,Y,1,0,N,0,0,Y,0,0,Y,0,0,Y,0,0,Y,0,0.0,Y,0,0.0,Y,0,0,Y,0,0,Y,1,1,Y,0,0,Y,1,1,Y,0,0,Y,0,0.0,Y,0,0,Y
41014021a,0,0,Y,1,1,Y,0,0,Y,0,0,Y,0,0,Y,0,0,Y,0,0,Y,1,1,Y,1,1.0,Y,0,0.0,Y,0,0,Y,0,0,Y,0,0,Y,1,0,N,0,0,Y,1,1,Y,0,1.0,N,0,0,Y
41014021b,1,1,Y,0,1,N,0,0,Y,0,0,Y,1,1,Y,0,0,Y,0,0,Y,0,0,Y,1,1.0,Y,1,1.0,Y,0,0,Y,0,0,Y,1,0,N,0,0,Y,1,0,N,1,1,Y,0,1.0,N,1,1,Y
41014023,1,1,Y,0,0,Y,0,0,Y,1,0,N,1,1,Y,0,0,Y,0,0,Y,0,0,Y,0,0.0,Y,0,0.0,Y,0,1,N,1,1,Y,0,0,Y,0,0,Y,1,1,Y,0,0,Y,1,1.0,Y,0,0,Y
41014041,0,0,Y,1,1,Y,0,0,Y,0,0,Y,1,1,Y,0,0,Y,0,0,Y,0,0,Y,0,0.0,Y,0,0.0,Y,0,0,Y,0,0,Y,1,0,N,0,0,Y,1,1,Y,0,0,Y,0,0.0,Y,0,0,Y
41014064,1,1,Y,0,0,Y,0,0,Y,0,0,Y,1,1,Y,0,0,Y,0,0,Y,0,0,Y,0,0.0,Y,0,0.0,Y,0,0,Y,1,1,Y,0,0,Y,0,0,Y,1,0,N,0,0,Y,0,0.0,Y,0,0,Y
41015014,1,1,Y,0,0,Y,0,0,Y,1,0,N,0,0,Y,0,0,Y,0,0,Y,0,0,Y,0,0.0,Y,0,0.0,Y,0,0,Y,1,1,Y,0,0,Y,0,0,Y,1,1,Y,0,0,Y,0,0.0,Y,0,0,Y
41015034,1,1,Y,0,0,Y,0,0,Y,0,0,Y,1,1,Y,0,0,Y,0,0,Y,0,0,Y,0,0.0,Y,0,0.0,Y,0,0,Y,0,0,Y,1,1,Y,0,0,Y,1,1,Y,0,0,Y,0,0.0,Y,0,0,Y
41015046,1,1,Y,0,0,Y,0,0,Y,1,1,Y,0,0,Y,0,0,Y,0,0,Y,0,0,Y,0,0.0,Y,0,0.0,Y,0,0,Y,0,0,Y,1,1,Y,0,0,Y,1,1,Y,0,0,Y,1,1.0,Y,1,1,Y
41016002,0,0,Y,1,1,Y,0,0,Y,1,0,N,0,1,N,0,0,Y,0,0,Y,0,0,Y,0,0.0,Y,0,0.0,Y,0,1,N,0,0,Y,1,1,Y,0,0,Y,1,1,Y,0,0,Y,1,1.0,Y,0,0,Y
41016006a,1,1,Y,0,0,Y,0,0,Y,1,0,N,0,1,N,0,0,Y,0,0,Y,0,0,Y,0,0.0,Y,0,0.0,Y,0,0,Y,0,0,Y,1,1,Y,0,0,Y,1,1,Y,0,0,Y,0,1.0,N,1,1,Y
41016006b,0,0,Y,1,1,Y,0,0,Y,1,0,N,0,1,N,0,0,Y,0,0,Y,0,0,Y,0,0.0,Y,0,0.0,Y,0,0,Y,0,0,Y,1,1,Y,0,0,Y,1,1,Y,0,0,Y,0,0.0,Y,0,0,Y
41016008,1,1,Y,0,1,N,0,0,Y,1,0,N,0,1,N,0,0,Y,0,0,Y,0,0,Y,0,0.0,Y,0,0.0,Y,0,0,Y,0,0,Y,1,1,Y,0,0,Y,1,1,Y,0,0,Y,1,1.0,Y,0,0,Y
41016010,0,1,N,1,0,N,0,0,Y,0,0,Y,0,0,Y,0,1,N,0,0,Y,1,0,N,0,0.0,Y,0,0.0,Y,0,0,Y,0,1,N,0,0,Y,1,1,Y,0,0,Y,0,0,Y,1,1.0,Y,0,0,Y
41016011,1,1,Y,0,0,Y,0,0,Y,0,0,Y,1,1,Y,0,0,Y,0,0,Y,0,0,Y,0,0.0,Y,0,0.0,Y,0,1,N,1,1,Y,0,0,Y,0,0,Y,1,1,Y,0,0,Y,1,1.0,Y,0,0,Y
41016014a,1,1,Y,0,0,Y,0,0,Y,0,0,Y,1,1,Y,0,0,Y,0,0,Y,0,0,Y,0,0.0,Y,0,0.0,Y,1,1,Y,1,1,Y,0,0,Y,0,0,Y,1,1,Y,0,0,Y,1,1.0,Y,0,0,Y
41016014b,0,0,Y,1,1,Y,0,0,Y,1,0,N,0,1,N,0,0,Y,0,0,Y,0,0,Y,0,0.0,Y,0,0.0,Y,0,1,N,0,0,Y,1,1,Y,0,0,Y,1,1,Y,0,0,Y,1,1.0,Y,0,0,Y
41016019,1,0,N,0,0,Y,0,0,Y,1,0,N,0,0,Y,0,0,Y,0,0,Y,0,0,Y,0,0.0,Y,0,0.0,Y,0,1,N,1,1,Y,0,0,Y,0,0,Y,1,1,Y,0,0,Y,1,1.0,Y,0,0,Y
42001001a,1,0,N,0,0,Y,0,0,Y,0,1,N,0,0,Y,1,0,N,0,0,Y,0,0,Y,0,0.0,Y,0,0.0,Y,0,0,Y,1,1,Y,0,0,Y,0,0,Y,1,1,Y,0,0,Y,0,0.0,Y,0,0,Y
42001001b,0,0,Y,1,1,Y,0,0,Y,0,0,Y,1,1,Y,0,0,Y,0,0,Y,0,0,Y,0,0.0,Y,0,0.0,Y,0,0,Y,1,1,Y,0,0,Y,0,0,Y,1,1,Y,0,0,Y,0,0.0,Y,0,0,Y
42001003,1,1,Y,0,0,Y,0,0,Y,1,1,Y,0,1,N,0,0,Y,0,0,Y,0,0,Y,0,0.0,Y,0,0.0,Y,0,0,Y,0,1,N,1,0,N,0,0,Y,1,1,Y,0,0,Y,0,0.0,Y,0,0,Y
42001013,1,1,Y,0,0,Y,0,0,Y,0,0,Y,1,1,Y,0,0,Y,0,0,Y,0,0,Y,0,0.0,Y,0,0.0,Y,0,0,Y,1,1,Y,0,0,Y,0,0,Y,1,1,Y,0,0,Y,0,0.0,Y,0,0,Y
42001017,1,1,Y,0,0,Y,0,0,Y,0,1,N,1,0,N,0,0,Y,0,0,Y,0,0,Y,0,0.0,Y,0,0.0,Y,0,0,Y,0,0,Y,1,1,Y,0,0,Y,1,1,Y,0,0,Y,0,0.0,Y,1,1,Y
42001019,1,1,Y,0,0,Y,0,0,Y,0,0,Y,1,1,Y,0,0,Y,0,0,Y,0,0,Y,0,0.0,Y,0,0.0,Y,0,0,Y,0,0,Y,1,1,Y,0,0,Y,1,1,Y,0,0,Y,0,1.0,N,1,1,Y
42001020,1,1,Y,0,0,Y,0,0,Y,0,0,Y,1,1,Y,0,0,Y,0,0,Y,0,0,Y,0,0.0,Y,0,0.0,Y,0,0,Y,0,0,Y,1,1,Y,0,0,Y,1,1,Y,0,0,Y,0,0.0,Y,0,0,Y
42001025,1,1,Y,0,0,Y,0,0,Y,0,0,Y,1,0,N,0,0,Y,0,0,Y,0,0,Y,0,0.0,Y,0,0.0,Y,0,0,Y,1,0,N,0,1,N,0,0,Y,1,1,Y,0,0,Y,0,0.0,Y,0,0,Y
42001030,1,1,Y,0,0,Y,0,0,Y,0,0,Y,1,1,Y,0,0,Y,0,0,Y,0,0,Y,0,0.0,Y,0,0.0,Y,0,0,Y,0,0,Y,1,1,Y,0,0,Y,1,1,Y,0,0,Y,0,0.0,Y,0,0,Y
42001034,1,1,Y,0,0,Y,0,0,Y,0,0,Y,0,0,Y,0,0,Y,0,0,Y,1,0,N,0,0.0,Y,1,1.0,Y,0,0,Y,0,1,N,0,0,Y,1,1,Y,0,0,Y,0,0,Y,0,1.0,N,0,0,Y
42001036,0,1,N,0,0,Y,1,0,N,0,0,Y,1,1,Y,0,0,Y,0,0,Y,0,0,Y,0,0.0,Y,0,0.0,Y,0,0,Y,0,0,Y,1,1,Y,0,0,Y,1,1,Y,0,0,Y,0,0.0,Y,0,0,Y
42001048,1,1,Y,0,0,Y,0,0,Y,0,0,Y,1,0,N,0,0,Y,0,0,Y,0,0,Y,0,0.0,Y,0,0.0,Y,0,0,Y,1,1,Y,0,0,Y,0,0,Y,1,1,Y,0,0,Y,0,0.0,Y,0,0,Y
42001049,1,1,Y,0,0,Y,0,0,Y,1,1,Y,0,0,Y,0,0,Y,0,0,Y,0,0,Y,0,0.0,Y,0,0.0,Y,0,0,Y,1,1,Y,0,0,Y,0,0,Y,1,1,Y,0,0,Y,0,0.0,Y,0,0,Y
42001054,1,1,Y,0,0,Y,0,0,Y,0,0,Y,0,0,Y,1,0,N,0,0,Y,0,0,Y,0,0.0,Y,0,0.0,Y,0,0,Y,1,0,N,0,0,Y,0,0,Y,1,1,Y,0,0,Y,0,0.0,Y,0,0,Y
42001068a,1,1,Y,0,0,Y,0,0,Y,0,0,Y,1,0,N,0,0,Y,0,0,Y,0,0,Y,0,0.0,Y,0,0.0,Y,0,0,Y,1,0,N,0,0,Y,0,0,Y,1,1,Y,0,0,Y,0,0.0,Y,0,0,Y
42001068b,1,1,Y,0,0,Y,0,0,Y,0,1,N,1,1,Y,0,0,Y,0,0,Y,0,0,Y,0,0.0,Y,0,0.0,Y,0,0,Y,0,0,Y,1,1,Y,0,0,Y,1,1,Y,0,0,Y,0,0.0,Y,0,0,Y
42002015,0,0,Y,1,1,Y,0,0,Y,0,0,Y,1,1,Y,0,0,Y,0,0,Y,0,0,Y,0,0.0,Y,0,0.0,Y,0,0,Y,1,0,N,0,0,Y,0,0,Y,1,1,Y,0,0,Y,0,0.0,Y,0,0,Y
42002017,1,1,Y,0,0,Y,0,0,Y,0,0,Y,1,1,Y,0,0,Y,0,0,Y,0,0,Y,0,0.0,Y,0,0.0,Y,1,1,Y,1,1,Y,0,0,Y,0,0,Y,1,0,N,0,0,Y,1,1.0,Y,0,0,Y
42002020a,1,1,Y,0,0,Y,0,0,Y,0,0,Y,1,1,Y,0,0,Y,0,0,Y,0,0,Y,0,0.0,Y,0,0.0,Y,0,0,Y,1,1,Y,0,0,Y,0,0,Y,1,1,Y,0,0,Y,1,1.0,Y,0,0,Y
42002020b,1,1,Y,0,0,Y,0,0,Y,0,0,Y,1,1,Y,0,0,Y,0,0,Y,0,0,Y,0,0.0,Y,0,0.0,Y,0,0,Y,1,1,Y,0,0,Y,0,0,Y,1,1,Y,0,0,Y,1,1.0,Y,0,0,Y
42002030,1,1,Y,0,0,Y,0,0,Y,0,0,Y,1,1,Y,0,0,Y,0,0,Y,0,0,Y,0,0.0,Y,0,0.0,Y,0,0,Y,1,1,Y,0,0,Y,0,0,Y,1,0,N,0,0,Y,0,0.0,Y,0,0,Y
42002037,0,0,Y,1,1,Y,0,0,Y,0,0,Y,0,0,Y,0,0,Y,0,0,Y,1,0,N,0,0.0,Y,0,0.0,Y,0,0,Y,0,0,Y,0,0,Y,1,1,Y,0,0,Y,0,0,Y,1,1.0,Y,0,0,Y
42002039,1,1,Y,0,0,Y,0,0,Y,1,1,Y,0,1,N,0,0,Y,0,0,Y,0,0,Y,0,0.0,Y,0,0.0,Y,0,1,N,1,0,N,0,0,Y,0,0,Y,1,1,Y,0,0,Y,1,1.0,Y,0,0,Y
42002048a,1,1,Y,0,0,Y,0,0,Y,0,1,N,0,0,Y,1,0,N,0,0,Y,0,0,Y,0,0.0,Y,0,0.0,Y,0,1,N,1,1,Y,0,0,Y,0,1,N,1,0,N,0,0,Y,0,0.0,Y,0,0,Y
42002048b,0,1,N,1,0,N,0,0,Y,0,0,Y,0,0,Y,0,0,Y,0,0,Y,1,0,N,0,0.0,Y,0,0.0,Y,0,1,N,0,0,Y,0,0,Y,1,1,Y,0,0,Y,0,0,Y,0,1.0,N,0,1,N
42003019,1,1,Y,0,0,Y,0,0,Y,1,0,N,0,0,Y,0,0,Y,0,0,Y,0,0,Y,0,0.0,Y,0,0.0,Y,0,0,Y,1,1,Y,0,1,N,0,0,Y,1,1,Y,0,0,Y,1,1.0,Y,0,0,Y
42004006,1,1,Y,0,0,Y,0,0,Y,0,0,Y,1,1,Y,0,0,Y,0,0,Y,0,0,Y,0,0.0,Y,0,0.0,Y,0,0,Y,0,0,Y,1,1,Y,0,0,Y,1,1,Y,0,0,Y,0,1.0,N,1,1,Y
42004013,1,1,Y,0,0,Y,0,0,Y,1,1,Y,0,0,Y,0,0,Y,0,0,Y,0,0,Y,0,0.0,Y,0,0.0,Y,0,1,N,0,0,Y,1,1,Y,0,0,Y,1,1,Y,0,0,Y,1,1.0,Y,0,0,Y
42004018,1,1,Y,0,0,Y,0,0,Y,0,0,Y,1,1,Y,0,0,Y,0,0,Y,0,0,Y,0,0.0,Y,0,0.0,Y,0,0,Y,0,0,Y,1,1,Y,0,0,Y,1,1,Y,0,0,Y,0,0.0,Y,0,0,Y
42004034,0,0,Y,1,1,Y,0,0,Y,0,1,N,1,1,Y,0,0,Y,0,0,Y,0,0,Y,0,0.0,Y,0,0.0,Y,0,0,Y,0,0,Y,1,0,N,0,0,Y,1,1,Y,0,0,Y,0,0.0,Y,0,0,Y
42004035,1,1,Y,0,0,Y,0,0,Y,0,0,Y,1,1,Y,0,0,Y,0,0,Y,0,0,Y,0,0.0,Y,0,0.0,Y,0,1,N,0,0,Y,1,0,N,0,0,Y,1,1,Y,0,0,Y,1,1.0,Y,0,0,Y
42005002,0,0,Y,1,1,Y,0,1,N,0,1,N,1,1,Y,0,0,Y,0,0,Y,0,0,Y,0,0.0,Y,0,0.0,Y,0,0,Y,0,0,Y,1,0,N,0,0,Y,1,1,Y,0,0,Y,1,1.0,Y,0,0,Y
42005026,1,1,Y,0,0,Y,0,0,Y,0,0,Y,0,1,N,1,0,N,0,0,Y,0,0,Y,0,0.0,Y,0,0.0,Y,0,1,N,1,1,Y,0,0,Y,0,0,Y,1,1,Y,0,0,Y,0,0.0,Y,0,0,Y
42006024,1,1,Y,0,0,Y,0,0,Y,0,0,Y,1,1,Y,0,0,Y,0,0,Y,0,0,Y,0,0.0,Y,0,0.0,Y,0,0,Y,0,0,Y,1,1,Y,0,0,Y,1,1,Y,0,0,Y,0,0.0,Y,0,0,Y
42007016a,0,0,Y,1,1,Y,0,0,Y,0,0,Y,1,1,Y,0,0,Y,0,0,Y,0,0,Y,0,0.0,Y,0,0.0,Y,0,0,Y,0,0,Y,1,1,Y,0,0,Y,1,1,Y,0,0,Y,0,0.0,Y,0,0,Y
42007016b,1,1,Y,0,0,Y,0,0,Y,0,0,Y,1,1,Y,0,0,Y,0,0,Y,0,0,Y,0,0.0,Y,0,0.0,Y,0,0,Y,1,0,N,0,1,N,0,0,Y,1,1,Y,0,0,Y,0,0.0,Y,0,0,Y
42007016c,1,1,Y,0,0,Y,0,0,Y,0,0,Y,0,1,N,1,0,N,0,0,Y,0,0,Y,0,0.0,Y,0,0.0,Y,0,0,Y,1,0,N,0,1,N,0,0,Y,1,1,Y,0,0,Y,0,0.0,Y,0,0,Y
42007016d,1,1,Y,0,0,Y,0,0,Y,0,0,Y,1,1,Y,0,0,Y,0,0,Y,0,0,Y,0,0.0,Y,0,0.0,Y,0,0,Y,0,0,Y,1,1,Y,0,0,Y,1,1,Y,0,0,Y,0,0.0,Y,0,1,N
42007022a,1,1,Y,0,0,Y,0,0,Y,0,0,Y,0,1,N,1,0,N,0,0,Y,0,0,Y,0,0.0,Y,0,0.0,Y,0,0,Y,1,1,Y,0,0,Y,0,0,Y,1,0,N,0,0,Y,0,0.0,Y,0,0,Y
42007022b,1,1,Y,0,0,Y,0,0,Y,0,0,Y,0,1,N,1,0,N,0,0,Y,0,0,Y,0,0.0,Y,0,0.0,Y,0,0,Y,1,1,Y,0,0,Y,0,0,Y,1,1,Y,0,0,Y,0,0.0,Y,0,0,Y
42007045,1,1,Y,0,0,Y,0,0,Y,0,0,Y,0,0,Y,1,1,Y,0,0,Y,0,0,Y,0,0.0,Y,1,1.0,Y,0,1,N,0,0,Y,0,0,Y,1,1,Y,0,0,Y,0,0,Y,0,0.0,Y,0,0,Y
42008002a,1,1,Y,0,0,Y,0,0,Y,0,1,N,1,1,Y,0,0,Y,0,0,Y,0,0,Y,0,0.0,Y,0,0.0,Y,0,0,Y,0,0,Y,1,1,Y,0,0,Y,1,1,Y,0,0,Y,1,1.0,Y,1,1,Y
42008002b,0,0,Y,1,1,Y,0,1,N,0,0,Y,1,1,Y,0,0,Y,0,0,Y,0,0,Y,0,0.0,Y,0,0.0,Y,0,0,Y,0,0,Y,1,1,Y,0,0,Y,1,1,Y,0,0,Y,1,1.0,Y,0,0,Y
42008012,1,0,N,0,0,Y,0,0,Y,0,0,Y,1,1,Y,0,0,Y,0,0,Y,0,0,Y,0,0.0,Y,0,0.0,Y,0,0,Y,1,1,Y,0,0,Y,0,0,Y,1,0,N,0,0,Y,0,0.0,Y,0,0,Y
42008027,0,0,Y,1,1,Y,0,0,Y,0,0,Y,0,0,Y,0,1,N,0,0,Y,1,0,N,0,0.0,Y,0,0.0,Y,0,0,Y,0,0,Y,0,0,Y,1,1,Y,0,0,Y,0,0,Y,1,1.0,Y,0,0,Y
42008030,0,1,N,1,0,N,0,0,Y,0,0,Y,1,1,Y,0,0,Y,0,0,Y,0,0,Y,0,0.0,Y,0,0.0,Y,0,0,Y,0,0,Y,1,1,Y,0,0,Y,1,1,Y,0,0,Y,1,1.0,Y,0,0,Y
42008035,0,1,N,1,0,N,0,0,Y,0,0,Y,0,0,Y,0,0,Y,0,0,Y,1,0,N,0,0.0,Y,0,0.0,Y,0,0,Y,0,0,Y,0,1,N,1,0,N,0,1,N,0,0,Y,1,1.0,Y,0,0,Y
42008039a,1,0,N,0,0,Y,0,0,Y,1,0,N,0,0,Y,0,0,Y,0,0,Y,0,0,Y,0,0.0,Y,0,0.0,Y,0,0,Y,1,1,Y,0,0,Y,0,0,Y,1,1,Y,0,0,Y,0,0.0,Y,0,0,Y
42008039b,1,1,Y,0,0,Y,0,0,Y,1,0,N,0,0,Y,0,0,Y,0,0,Y,0,0,Y,0,0.0,Y,0,0.0,Y,0,0,Y,1,0,N,0,0,Y,0,0,Y,1,1,Y,0,0,Y,0,1.0,N,0,0,Y
42008048,1,1,Y,0,0,Y,0,0,Y,0,1,N,1,1,Y,0,0,Y,0,0,Y,0,0,Y,0,0.0,Y,0,0.0,Y,0,0,Y,0,0,Y,1,1,Y,0,0,Y,1,1,Y,0,0,Y,0,0.0,Y,0,0,Y
42008056,1,1,Y,0,0,Y,0,0,Y,0,0,Y,1,1,Y,0,0,Y,0,0,Y,0,0,Y,0,0.0,Y,0,0.0,Y,0,0,Y,1,0,N,0,1,N,0,0,Y,1,1,Y,0,0,Y,1,1.0,Y,1,1,Y
42009008a,0,0,Y,1,1,Y,0,0,Y,0,0,Y,1,1,Y,0,0,Y,0,0,Y,0,0,Y,0,0.0,Y,0,0.0,Y,0,0,Y,1,1,Y,0,0,Y,0,0,Y,1,1,Y,0,0,Y,1,1.0,Y,0,0,Y
42009008b,0,0,Y,1,1,Y,0,0,Y,0,0,Y,1,1,Y,0,0,Y,0,0,Y,0,0,Y,0,0.0,Y,0,0.0,Y,0,0,Y,0,0,Y,1,1,Y,0,0,Y,1,1,Y,0,0,Y,1,1.0,Y,0,0,Y
42009010,1,0,N,0,0,Y,0,1,N,1,0,N,0,0,Y,0,0,Y,0,0,Y,0,0,Y,0,0.0,Y,0,0.0,Y,1,1,Y,1,1,Y,0,1,N,0,0,Y,1,1,Y,0,0,Y,1,1.0,Y,0,0,Y
42009019,0,0,Y,1,1,Y,0,0,Y,0,0,Y,1,1,Y,0,0,Y,0,0,Y,0,0,Y,0,0.0,Y,0,0.0,Y,0,0,Y,0,0,Y,1,1,Y,0,0,Y,1,1,Y,0,0,Y,0,0.0,Y,0,0,Y
42009036,1,1,Y,0,0,Y,0,0,Y,0,0,Y,1,1,Y,0,0,Y,0,0,Y,0,0,Y,0,0.0,Y,0,0.0,Y,0,1,N,1,1,Y,0,0,Y,0,0,Y,1,1,Y,0,0,Y,1,1.0,Y,0,0,Y
42010013a,1,1,Y,0,0,Y,0,0,Y,1,1,Y,0,1,N,0,0,Y,0,0,Y,0,0,Y,1,1.0,Y,0,0.0,Y,0,0,Y,1,0,N,0,0,Y,0,0,Y,1,1,Y,1,1,Y,1,1.0,Y,1,1,Y
42010013b,0,0,Y,0,0,Y,1,1,Y,0,0,Y,1,1,Y,0,0,Y,0,0,Y,0,0,Y,1,1.0,Y,0,0.0,Y,0,1,N,1,0,N,0,0,Y,0,0,Y,1,1,Y,1,1,Y,0,1.0,N,0,0,Y
42010019,1,1,Y,0,0,Y,0,0,Y,0,0,Y,1,1,Y,0,0,Y,0,0,Y,0,0,Y,0,0.0,Y,0,0.0,Y,0,0,Y,0,0,Y,1,1,Y,0,0,Y,1,1,Y,0,0,Y,0,0.0,Y,0,0,Y
42010022,1,1,Y,0,0,Y,0,0,Y,0,1,N,1,1,Y,0,0,Y,0,0,Y,0,0,Y,0,0.0,Y,0,0.0,Y,0,0,Y,0,0,Y,1,1,Y,0,0,Y,1,1,Y,0,0,Y,0,1.0,N,1,1,Y
42010042,1,1,Y,0,0,Y,0,0,Y,0,0,Y,1,1,Y,0,0,Y,0,0,Y,0,0,Y,0,0.0,Y,0,0.0,Y,0,0,Y,0,0,Y,1,1,Y,0,0,Y,1,1,Y,0,0,Y,0,0.0,Y,0,0,Y
42011020,1,1,Y,0,1,N,0,0,Y,0,0,Y,1,1,Y,0,0,Y,0,0,Y,0,0,Y,0,0.0,Y,0,0.0,Y,0,0,Y,0,0,Y,1,1,Y,0,0,Y,1,1,Y,0,1,N,0,0.0,Y,0,0,Y
42011042,1,1,Y,0,0,Y,0,0,Y,0,0,Y,0,1,N,1,0,N,0,0,Y,0,0,Y,0,1.0,N,0,1.0,N,0,0,Y,1,0,N,0,0,Y,0,0,Y,1,0,N,1,1,Y,0,1.0,N,0,0,Y
42012003a,1,1,Y,0,0,Y,0,0,Y,0,0,Y,0,0,Y,1,0,N,0,0,Y,0,0,Y,0,0.0,Y,0,0.0,Y,0,0,Y,1,1,Y,0,0,Y,0,0,Y,1,1,Y,0,0,Y,0,0.0,Y,0,0,Y
42012003b,1,0,N,0,0,Y,0,1,N,0,0,Y,0,0,Y,1,0,N,0,0,Y,0,0,Y,0,0.0,Y,0,0.0,Y,0,0,Y,1,1,Y,0,0,Y,0,0,Y,1,0,N,0,0,Y,0,0.0,Y,0,0,Y
42012005,0,1,N,0,0,Y,1,0,N,0,0,Y,1,1,Y,0,0,Y,0,0,Y,0,0,Y,0,0.0,Y,0,0.0,Y,0,1,N,1,0,N,0,0,Y,0,0,Y,1,1,Y,0,0,Y,0,0.0,Y,0,0,Y
42012039a,1,1,Y,0,0,Y,0,0,Y,0,0,Y,0,1,N,0,0,Y,0,0,Y,1,1,Y,1,1.0,Y,0,0.0,Y,0,0,Y,0,1,N,0,0,Y,1,0,N,0,0,Y,1,1,Y,0,1.0,N,0,0,Y
42012039b,0,1,N,0,0,Y,1,1,Y,0,0,Y,0,0,Y,1,1,Y,0,0,Y,0,0,Y,1,1.0,Y,0,0.0,Y,0,0,Y,0,1,N,0,0,Y,1,0,N,0,1,N,1,1,Y,0,1.0,N,0,0,Y
42012039c,1,1,Y,0,0,Y,0,0,Y,0,0,Y,1,1,Y,0,0,Y,0,0,Y,0,0,Y,1,1.0,Y,1,1.0,Y,0,0,Y,1,1,Y,0,0,Y,0,0,Y,1,1,Y,1,1,Y,0,1.0,N,0,0,Y
42012051,0,0,Y,1,0,N,0,0,Y,0,1,N,1,1,Y,0,0,Y,0,0,Y,0,0,Y,0,0.0,Y,0,0.0,Y,0,0,Y,0,0,Y,1,0,N,0,0,Y,1,1,Y,0,0,Y,0,0.0,Y,0,0,Y
42013007a,0,0,Y,1,0,N,0,1,N,0,0,Y,0,0,Y,1,1,Y,0,0,Y,0,0,Y,0,0.0,Y,0,0.0,Y,0,1,N,0,0,Y,0,0,Y,1,0,N,0,0,Y,0,0,Y,0,1.0,N,0,0,Y
42013007c,1,1,Y,0,0,Y,0,0,Y,0,1,N,0,1,N,0,0,Y,0,0,Y,1,0,N,0,0.0,Y,1,1.0,Y,0,0,Y,0,0,Y,0,0,Y,1,0,N,0,0,Y,0,0,Y,0,0.0,Y,0,0,Y
42013016,1,1,Y,0,0,Y,0,0,Y,0,0,Y,0,0,Y,1,1,Y,0,0,Y,0,0,Y,0,0.0,Y,0,0.0,Y,0,1,N,0,0,Y,0,1,N,1,1,Y,0,0,Y,0,0,Y,0,0.0,Y,0,0,Y
42013034,1,1,Y,0,0,Y,0,0,Y,1,1,Y,0,1,N,0,1,N,0,0,Y,0,0,Y,1,1.0,Y,0,0.0,Y,0,0,Y,0,0,Y,1,0,N,0,0,Y,1,0,N,1,1,Y,0,1.0,N,0,0,Y
42014022,1,1,Y,0,0,Y,0,0,Y,1,1,Y,0,1,N,0,0,Y,0,0,Y,0,0,Y,0,0.0,Y,0,0.0,Y,0,0,Y,0,0,Y,1,1,Y,0,0,Y,1,1,Y,0,0,Y,0,1.0,N,0,1,N
42015018,0,1,N,0,0,Y,1,0,N,0,0,Y,1,1,Y,0,0,Y,0,0,Y,0,0,Y,0,0.0,Y,0,0.0,Y,0,0,Y,1,1,Y,0,1,N,0,0,Y,1,0,N,0,0,Y,0,0.0,Y,0,0,Y
42015021,0,1,N,0,0,Y,1,0,N,0,0,Y,1,1,Y,0,0,Y,0,0,Y,0,0,Y,0,0.0,Y,0,0.0,Y,0,0,Y,1,1,Y,0,1,N,0,0,Y,1,1,Y,0,0,Y,0,0.0,Y,0,0,Y
42015024,1,1,Y,0,0,Y,0,0,Y,0,0,Y,1,1,Y,0,0,Y,0,0,Y,0,0,Y,0,0.0,Y,0,0.0,Y,0,0,Y,0,0,Y,1,1,Y,0,0,Y,1,1,Y,0,0,Y,0,1.0,N,1,1,Y
42015027,0,0,Y,1,1,Y,0,0,Y,0,0,Y,1,1,Y,0,0,Y,0,0,Y,0,0,Y,0,0.0,Y,0,0.0,Y,0,0,Y,0,0,Y,1,0,N,0,0,Y,1,1,Y,0,0,Y,0,0.0,Y,0,0,Y
42015029a,0,0,Y,0,0,Y,1,1,Y,0,0,Y,0,0,Y,1,1,Y,0,0,Y,0,0,Y,0,0.0,Y,0,0.0,Y,0,1,N,0,0,Y,0,0,Y,1,1,Y,0,0,Y,0,0,Y,0,0.0,Y,0,0,Y
42015029b,0,1,N,0,0,Y,1,0,N,0,0,Y,1,0,N,0,0,Y,0,0,Y,0,0,Y,0,0.0,Y,1,1.0,Y,0,0,Y,1,1,Y,0,0,Y,0,1,N,1,0,N,0,0,Y,0,0.0,Y,0,0,Y
42015029c,1,1,Y,0,0,Y,0,0,Y,0,0,Y,1,1,Y,0,0,Y,0,0,Y,0,0,Y,0,0.0,Y,0,1.0,N,0,0,Y,0,1,N,1,0,N,0,0,Y,1,0,N,0,0,Y,0,0.0,Y,0,0,Y
42015032,1,1,Y,0,0,Y,0,0,Y,0,0,Y,1,1,Y,0,0,Y,0,0,Y,0,0,Y,0,0.0,Y,0,0.0,Y,0,1,N,0,0,Y,1,1,Y,0,0,Y,1,1,Y,0,0,Y,0,1.0,N,1,1,Y
42016011,0,0,Y,1,1,Y,0,0,Y,0,0,Y,0,0,Y,0,0,Y,0,0,Y,1,0,N,0,0.0,Y,1,1.0,Y,0,0,Y,0,1,N,0,0,Y,1,0,N,0,0,Y,1,1,Y,0,1.0,N,0,0,Y
42016012,0,1,N,1,1,Y,0,0,Y,0,0,Y,0,0,Y,0,1,N,0,0,Y,1,0,N,0,0.0,Y,1,1.0,Y,0,0,Y,0,1,N,0,0,Y,1,0,N,0,0,Y,1,1,Y,0,1.0,N,0,0,Y
42017010a,1,1,Y,0,0,Y,0,0,Y,1,1,Y,0,1,N,0,0,Y,0,0,Y,0,0,Y,0,0.0,Y,0,0.0,Y,0,1,N,1,0,N,0,1,N,0,0,Y,1,1,Y,1,0,N,0,0.0,Y,0,0,Y
42017010b,1,1,Y,0,0,Y,0,0,Y,0,0,Y,1,0,N,0,0,Y,0,0,Y,0,0,Y,0,0.0,Y,0,0.0,Y,0,1,N,1,0,N,0,1,N,0,0,Y,1,1,Y,0,0,Y,0,1.0,N,1,1,Y
42017010c,1,0,N,0,0,Y,0,0,Y,1,0,N,0,0,Y,0,0,Y,0,0,Y,0,0,Y,0,0.0,Y,0,0.0,Y,0,0,Y,1,0,N,0,0,Y,0,0,Y,1,1,Y,0,0,Y,0,0.0,Y,0,0,Y
42017010d,1,0,N,0,0,Y,0,0,Y,1,0,N,0,0,Y,0,0,Y,0,0,Y,0,0,Y,0,0.0,Y,0,0.0,Y,0,0,Y,1,1,Y,0,0,Y,0,0,Y,1,1,Y,1,1,Y,0,1.0,N,0,0,Y
42017019,1,1,Y,0,0,Y,0,0,Y,0,1,N,1,1,Y,0,0,Y,0,0,Y,0,0,Y,0,0.0,Y,0,0.0,Y,0,0,Y,0,0,Y,1,1,Y,0,0,Y,1,1,Y,0,0,Y,0,0.0,Y,0,0,Y
42018021,1,1,Y,0,0,Y,0,0,Y,0,0,Y,0,0,Y,1,0,N,0,0,Y,0,0,Y,0,0.0,Y,0,0.0,Y,0,1,N,0,1,N,0,0,Y,1,1,Y,0,0,Y,0,0,Y,0,0.0,Y,0,0,Y
42018028,1,1,Y,0,0,Y,0,0,Y,0,0,Y,1,1,Y,0,0,Y,0,0,Y,0,0,Y,0,0.0,Y,0,0.0,Y,0,0,Y,0,0,Y,1,1,Y,0,0,Y,1,1,Y,0,0,Y,0,0.0,Y,0,0,Y
42018029,1,1,Y,0,0,Y,0,0,Y,0,0,Y,1,1,Y,0,0,Y,0,0,Y,0,0,Y,0,0.0,Y,1,1.0,Y,0,0,Y,0,0,Y,1,1,Y,0,0,Y,1,1,Y,0,0,Y,0,0.0,Y,0,0,Y
42018042,1,1,Y,0,0,Y,0,0,Y,0,1,N,1,1,Y,0,0,Y,0,0,Y,0,0,Y,0,0.0,Y,0,0.0,Y,0,0,Y,0,0,Y,1,1,Y,0,0,Y,1,1,Y,0,0,Y,0,0.0,Y,0,0,Y
42019008,1,1,Y,0,0,Y,0,0,Y,0,0,Y,1,0,N,0,0,Y,0,0,Y,0,0,Y,1,0.0,N,0,0.0,Y,0,0,Y,1,1,Y,0,0,Y,0,0,Y,1,0,N,1,1,Y,0,0.0,Y,0,0,Y
42019009,0,0,Y,1,1,Y,0,0,Y,0,1,N,1,1,Y,0,0,Y,0,0,Y,0,0,Y,0,0.0,Y,0,0.0,Y,0,1,N,0,0,Y,1,1,Y,0,0,Y,1,1,Y,0,0,Y,0,0.0,Y,0,0,Y
42019015,1,1,Y,0,0,Y,0,0,Y,1,1,Y,0,1,N,0,0,Y,0,0,Y,0,0,Y,0,0.0,Y,0,0.0,Y,0,0,Y,0,0,Y,1,1,Y,0,0,Y,1,1,Y,0,0,Y,0,1.0,N,0,0,Y
42019016,1,1,Y,0,0,Y,0,0,Y,1,1,Y,0,0,Y,0,0,Y,0,0,Y,0,0,Y,0,0.0,Y,0,0.0,Y,0,0,Y,0,0,Y,1,1,Y,0,0,Y,1,1,Y,0,0,Y,0,0.0,Y,0,0,Y
42019018,1,1,Y,0,0,Y,0,0,Y,1,1,Y,0,1,N,0,0,Y,0,0,Y,0,0,Y,0,0.0,Y,0,0.0,Y,0,0,Y,0,0,Y,1,1,Y,0,0,Y,1,1,Y,0,0,Y,0,0.0,Y,0,0,Y
42019030,1,0,N,0,0,Y,0,1,N,0,0,Y,0,0,Y,1,0,N,0,0,Y,0,0,Y,0,0.0,Y,1,1.0,Y,0,0,Y,1,1,Y,0,0,Y,0,0,Y,1,0,N,0,0,Y,0,0.0,Y,0,0,Y
42019037,1,1,Y,0,0,Y,0,0,Y,0,0,Y,1,1,Y,0,0,Y,0,0,Y,0,0,Y,0,0.0,Y,0,0.0,Y,0,0,Y,1,1,Y,0,0,Y,0,0,Y,1,1,Y,0,0,Y,1,1.0,Y,0,0,Y
42019046,1,1,Y,0,0,Y,0,0,Y,0,1,N,1,1,Y,0,0,Y,0,0,Y,0,0,Y,0,0.0,Y,0,0.0,Y,0,0,Y,0,0,Y,1,1,Y,0,0,Y,1,1,Y,0,0,Y,0,0.0,Y,0,0,Y
42020039,1,1,Y,0,0,Y,0,0,Y,1,0,N,0,0,Y,0,0,Y,0,0,Y,0,0,Y,0,0.0,Y,0,0.0,Y,0,0,Y,1,1,Y,0,0,Y,0,0,Y,1,0,N,0,0,Y,0,0.0,Y,0,0,Y
42022015,1,1,Y,0,0,Y,0,0,Y,0,0,Y,0,0,Y,0,0,Y,0,0,Y,1,1,Y,0,0.0,Y,0,0.0,Y,0,0,Y,0,1,N,0,0,Y,1,0,N,0,0,Y,0,0,Y,0,0.0,Y,0,0,Y
42022017,1,0,N,0,0,Y,0,0,Y,1,0,N,0,1,N,0,0,Y,0,0,Y,0,0,Y,0,0.0,Y,0,0.0,Y,0,1,N,1,1,Y,0,1,N,0,0,Y,1,1,Y,0,0,Y,1,1.0,Y,0,0,Y
42022022,1,1,Y,0,0,Y,0,0,Y,0,0,Y,1,1,Y,0,0,Y,0,0,Y,0,0,Y,0,0.0,Y,0,0.0,Y,0,0,Y,0,0,Y,1,1,Y,0,0,Y,1,1,Y,0,0,Y,0,1.0,N,1,1,Y
42022028,0,1,N,0,0,Y,1,0,N,0,0,Y,0,0,Y,1,1,Y,0,0,Y,0,0,Y,0,0.0,Y,0,0.0,Y,0,0,Y,0,0,Y,0,0,Y,1,1,Y,0,0,Y,0,0,Y,0,0.0,Y,0,0,Y
42022032,0,0,Y,0,0,Y,1,0,N,0,0,Y,1,1,Y,0,0,Y,0,0,Y,0,0,Y,0,0.0,Y,0,0.0,Y,0,0,Y,0,0,Y,1,1,Y,0,0,Y,1,1,Y,1,1,Y,0,0.0,Y,0,0,Y
42022071,1,1,Y,0,0,Y,0,0,Y,0,0,Y,1,1,Y,0,0,Y,0,0,Y,0,0,Y,0,0.0,Y,0,0.0,Y,0,0,Y,1,1,Y,0,0,Y,0,0,Y,1,0,N,0,0,Y,0,0.0,Y,0,0,Y
42023008,1,0,N,0,0,Y,0,0,Y,0,0,Y,0,0,Y,0,0,Y,0,0,Y,1,0,N,0,0.0,Y,0,0.0,Y,0,0,Y,0,0,Y,0,0,Y,1,1,Y,1,0,N,0,0,Y,1,1.0,Y,0,0,Y
42023014,1,1,Y,0,0,Y,0,0,Y,1,0,N,0,0,Y,0,0,Y,0,0,Y,0,0,Y,0,0.0,Y,1,1.0,Y,0,0,Y,1,1,Y,0,0,Y,0,0,Y,1,0,N,0,0,Y,0,0.0,Y,0,0,Y
42023015,1,1,Y,0,0,Y,0,0,Y,1,0,N,0,0,Y,0,0,Y,0,0,Y,0,0,Y,0,0.0,Y,1,0.0,N,0,0,Y,1,1,Y,0,0,Y,0,0,Y,1,1,Y,0,0,Y,0,0.0,Y,0,0,Y
42023022a,1,1,Y,0,0,Y,0,0,Y,1,0,N,0,0,Y,0,0,Y,0,0,Y,0,0,Y,0,0.0,Y,0,0.0,Y,0,0,Y,1,1,Y,0,0,Y,0,0,Y,1,1,Y,0,0,Y,0,0.0,Y,0,0,Y
42023022b,1,1,Y,0,0,Y,0,0,Y,0,0,Y,1,1,Y,0,0,Y,0,0,Y,0,0,Y,0,0.0,Y,1,1.0,Y,0,0,Y,1,0,N,0,1,N,0,0,Y,1,1,Y,0,0,Y,0,0.0,Y,0,0,Y
42023041,1,1,Y,0,0,Y,0,0,Y,1,0,N,0,0,Y,0,0,Y,0,0,Y,0,0,Y,0,0.0,Y,1,1.0,Y,0,0,Y,1,1,Y,0,0,Y,0,0,Y,1,0,N,0,0,Y,0,0.0,Y,0,0,Y
42024001,1,1,Y,0,0,Y,0,0,Y,1,1,Y,0,0,Y,0,0,Y,0,0,Y,0,0,Y,0,0.0,Y,0,0.0,Y,0,0,Y,0,0,Y,1,1,Y,0,0,Y,1,1,Y,0,0,Y,1,1.0,Y,0,0,Y
42024004,0,0,Y,1,1,Y,0,0,Y,0,0,Y,1,1,Y,0,0,Y,0,0,Y,0,0,Y,0,0.0,Y,0,0.0,Y,0,0,Y,1,1,Y,0,0,Y,0,0,Y,1,1,Y,0,0,Y,1,1.0,Y,0,0,Y
42024006,0,0,Y,1,1,Y,0,0,Y,0,0,Y,1,1,Y,0,0,Y,0,0,Y,0,0,Y,0,0.0,Y,0,0.0,Y,0,0,Y,0,0,Y,1,1,Y,0,0,Y,1,1,Y,0,0,Y,0,0.0,Y,0,0,Y
42024018,0,0,Y,1,1,Y,0,0,Y,0,0,Y,1,1,Y,0,0,Y,0,0,Y,0,0,Y,0,0.0,Y,0,0.0,Y,0,1,N,1,0,N,0,0,Y,0,0,Y,1,1,Y,0,0,Y,0,0.0,Y,0,0,Y
42024023,1,1,Y,0,0,Y,0,0,Y,1,0,N,0,1,N,0,0,Y,0,0,Y,0,0,Y,0,0.0,Y,0,0.0,Y,0,0,Y,1,1,Y,0,0,Y,0,0,Y,1,0,N,0,0,Y,1,1.0,Y,0,0,Y
42024025,1,0,N,0,0,Y,0,1,N,1,0,N,0,0,Y,0,0,Y,0,0,Y,0,0,Y,0,0.0,Y,0,0.0,Y,0,0,Y,1,1,Y,0,0,Y,0,0,Y,1,0,N,0,0,Y,0,0.0,Y,0,0,Y
42024030,0,0,Y,1,0,N,0,1,N,0,0,Y,1,1,Y,0,0,Y,0,0,Y,0,0,Y,0,0.0,Y,0,0.0,Y,0,1,N,0,0,Y,1,1,Y,0,0,Y,1,1,Y,0,0,Y,1,1.0,Y,0,0,Y
42024034,0,0,Y,1,1,Y,0,0,Y,0,1,N,1,1,Y,0,0,Y,0,0,Y,0,0,Y,0,0.0,Y,0,0.0,Y,0,0,Y,0,0,Y,1,1,Y,0,0,Y,1,1,Y,0,0,Y,0,0.0,Y,0,0,Y
43001018,1,1,Y,0,0,Y,0,0,Y,0,0,Y,1,1,Y,0,0,Y,0,0,Y,0,0,Y,0,0.0,Y,1,1.0,Y,0,0,Y,1,1,Y,0,0,Y,0,0,Y,1,0,N,0,0,Y,0,0.0,Y,0,0,Y
43001034a,1,1,Y,0,0,Y,0,0,Y,0,0,Y,1,1,Y,0,0,Y,0,0,Y,0,0,Y,0,0.0,Y,0,0.0,Y,0,0,Y,1,1,Y,0,0,Y,0,0,Y,1,1,Y,0,0,Y,0,0.0,Y,0,0,Y
43001034b,1,1,Y,0,0,Y,0,0,Y,0,0,Y,1,1,Y,0,0,Y,0,0,Y,0,0,Y,0,0.0,Y,0,0.0,Y,0,0,Y,1,1,Y,0,1,N,0,0,Y,1,1,Y,0,0,Y,0,0.0,Y,0,0,Y
43001041,1,1,Y,0,0,Y,0,0,Y,0,0,Y,1,1,Y,0,0,Y,0,0,Y,0,0,Y,0,0.0,Y,0,0.0,Y,0,0,Y,0,0,Y,1,1,Y,0,0,Y,1,1,Y,0,0,Y,0,0.0,Y,0,0,Y
43001045,1,1,Y,0,0,Y,0,0,Y,0,0,Y,1,1,Y,0,0,Y,0,0,Y,0,0,Y,0,0.0,Y,0,0.0,Y,0,0,Y,0,0,Y,1,1,Y,0,0,Y,1,1,Y,0,0,Y,0,0.0,Y,0,0,Y
43002004,0,0,Y,1,1,Y,0,0,Y,0,0,Y,0,1,N,0,0,Y,0,0,Y,1,0,N,0,0.0,Y,1,1.0,Y,0,0,Y,0,0,Y,0,0,Y,1,0,N,0,0,Y,0,0,Y,0,0.0,Y,0,0,Y
43002010a,1,0,N,0,0,Y,0,1,N,1,0,N,0,0,Y,0,0,Y,0,0,Y,0,0,Y,0,0.0,Y,0,0.0,Y,0,1,N,0,0,Y,1,0,N,0,0,Y,1,1,Y,0,0,Y,0,0.0,Y,0,0,Y
43002010b,1,1,Y,0,0,Y,0,0,Y,0,0,Y,0,0,Y,1,0,N,0,0,Y,0,0,Y,0,0.0,Y,0,0.0,Y,0,1,N,0,0,Y,0,1,N,1,1,Y,0,1,N,0,0,Y,0,0.0,Y,0,0,Y
43003011,1,1,Y,0,0,Y,0,0,Y,0,0,Y,0,1,N,1,0,N,0,0,Y,0,0,Y,0,0.0,Y,0,0.0,Y,0,0,Y,1,1,Y,0,0,Y,0,0,Y,1,0,N,0,0,Y,0,0.0,Y,0,0,Y
43003013,0,0,Y,1,0,N,0,0,Y,1,1,Y,0,1,N,0,0,Y,0,0,Y,0,0,Y,0,0.0,Y,1,1.0,Y,0,0,Y,0,1,N,1,1,Y,0,0,Y,1,1,Y,0,0,Y,0,0.0,Y,0,0,Y
43003018a,1,1,Y,0,0,Y,0,0,Y,0,0,Y,1,1,Y,0,0,Y,0,0,Y,0,0,Y,0,0.0,Y,0,1.0,N,0,1,N,0,0,Y,1,1,Y,0,0,Y,1,1,Y,0,0,Y,0,1.0,N,1,1,Y
43003018b,1,1,Y,0,0,Y,0,0,Y,0,0,Y,0,0,Y,0,0,Y,0,0,Y,1,1,Y,0,0.0,Y,1,1.0,Y,0,0,Y,0,1,N,0,0,Y,1,0,N,0,0,Y,0,0,Y,0,1.0,N,0,0,Y
43003019,0,1,N,1,1,Y,0,0,Y,0,1,N,1,1,Y,0,0,Y,0,0,Y,0,0,Y,0,0.0,Y,0,0.0,Y,0,0,Y,0,0,Y,1,1,Y,0,0,Y,1,1,Y,0,0,Y,0,0.0,Y,0,0,Y
43003024,1,1,Y,0,0,Y,0,0,Y,0,0,Y,1,1,Y,0,0,Y,0,0,Y,0,0,Y,0,0.0,Y,1,1.0,Y,0,0,Y,0,1,N,0,0,Y,1,0,N,0,0,Y,0,0,Y,1,1.0,Y,1,1,Y
43003028,1,1,Y,0,0,Y,0,0,Y,0,0,Y,1,1,Y,0,0,Y,0,0,Y,0,0,Y,0,0.0,Y,0,0.0,Y,0,0,Y,0,0,Y,1,1,Y,0,0,Y,1,1,Y,0,0,Y,0,1.0,N,1,1,Y
43003032a,1,1,Y,0,0,Y,0,0,Y,0,0,Y,0,1,N,1,0,N,0,0,Y,0,0,Y,0,0.0,Y,0,0.0,Y,0,0,Y,1,1,Y,0,0,Y,0,0,Y,1,0,N,0,0,Y,0,0.0,Y,0,0,Y
43003032b,1,1,Y,0,0,Y,0,0,Y,0,0,Y,0,1,N,1,0,N,0,0,Y,0,0,Y,0,0.0,Y,0,0.0,Y,0,0,Y,1,1,Y,0,0,Y,0,0,Y,1,0,N,0,0,Y,0,0.0,Y,0,0,Y
43003034,1,1,Y,0,0,Y,0,0,Y,0,0,Y,1,1,Y,0,0,Y,0,0,Y,0,0,Y,0,0.0,Y,0,0.0,Y,0,0,Y,0,0,Y,1,1,Y,0,0,Y,1,1,Y,0,0,Y,0,0.0,Y,0,0,Y
43003035,1,1,Y,0,0,Y,0,0,Y,0,0,Y,1,1,Y,0,0,Y,0,0,Y,0,0,Y,0,0.0,Y,0,0.0,Y,0,0,Y,0,0,Y,1,1,Y,0,0,Y,1,1,Y,0,0,Y,0,0.0,Y,0,0,Y
43004001,1,1,Y,0,0,Y,0,0,Y,0,0,Y,1,1,Y,0,0,Y,0,0,Y,0,0,Y,0,0.0,Y,0,0.0,Y,0,0,Y,1,1,Y,0,0,Y,0,0,Y,1,1,Y,0,0,Y,1,1.0,Y,0,0,Y
43004010,1,1,Y,0,0,Y,0,0,Y,0,0,Y,1,0,N,0,0,Y,0,0,Y,0,0,Y,1,1.0,Y,0,0.0,Y,0,0,Y,1,1,Y,0,0,Y,0,0,Y,1,0,N,1,1,Y,0,1.0,N,0,0,Y
43004018,1,1,Y,0,0,Y,0,0,Y,0,0,Y,0,0,Y,0,0,Y,0,0,Y,1,0,N,0,0.0,Y,0,0.0,Y,0,0,Y,1,1,Y,0,1,N,0,0,Y,1,0,N,0,0,Y,0,1.0,N,0,0,Y
43004029,1,1,Y,0,0,Y,0,0,Y,1,0,N,0,0,Y,0,0,Y,0,0,Y,0,0,Y,0,0.0,Y,0,0.0,Y,0,0,Y,1,1,Y,0,0,Y,0,0,Y,1,0,N,0,0,Y,0,0.0,Y,0,0,Y
43004039,1,1,Y,0,0,Y,0,1,N,1,0,N,0,0,Y,0,0,Y,0,0,Y,0,0,Y,0,0.0,Y,0,0.0,Y,0,0,Y,1,1,Y,0,0,Y,0,0,Y,1,0,N,0,0,Y,0,0.0,Y,0,0,Y
43005006,0,0,Y,1,1,Y,0,0,Y,0,0,Y,0,0,Y,0,0,Y,0,0,Y,1,0,N,0,0.0,Y,0,0.0,Y,0,0,Y,0,0,Y,0,0,Y,1,1,Y,0,0,Y,0,0,Y,1,1.0,Y,0,0,Y
43005022,1,1,Y,0,0,Y,0,0,Y,0,0,Y,1,1,Y,0,0,Y,0,0,Y,0,0,Y,0,0.0,Y,0,0.0,Y,0,0,Y,0,0,Y,1,1,Y,0,0,Y,1,1,Y,0,0,Y,0,0.0,Y,0,0,Y
43005024,0,0,Y,1,1,Y,0,0,Y,0,1,N,1,1,Y,0,0,Y,0,0,Y,0,0,Y,0,0.0,Y,0,0.0,Y,0,0,Y,0,0,Y,1,1,Y,0,0,Y,1,1,Y,0,0,Y,0,0.0,Y,0,0,Y
43005033,1,1,Y,0,0,Y,0,0,Y,0,0,Y,1,1,Y,0,0,Y,0,0,Y,0,0,Y,0,0.0,Y,0,0.0,Y,0,0,Y,1,1,Y,0,0,Y,0,0,Y,1,1,Y,0,0,Y,0,0.0,Y,0,0,Y
43005036,1,1,Y,0,0,Y,0,0,Y,0,0,Y,1,1,Y,0,0,Y,0,0,Y,0,0,Y,0,0.0,Y,0,0.0,Y,0,0,Y,0,0,Y,1,1,Y,0,0,Y,1,1,Y,0,0,Y,0,0.0,Y,0,0,Y
43005037a,1,1,Y,0,0,Y,0,0,Y,0,0,Y,1,1,Y,0,0,Y,0,0,Y,0,0,Y,0,0.0,Y,1,1.0,Y,0,0,Y,1,1,Y,0,0,Y,0,0,Y,1,0,N,0,0,Y,0,0.0,Y,0,0,Y
43005037b,1,1,Y,0,0,Y,0,0,Y,0,0,Y,1,1,Y,0,0,Y,0,0,Y,0,0,Y,0,0.0,Y,1,1.0,Y,0,0,Y,1,1,Y,0,0,Y,0,0,Y,1,1,Y,0,0,Y,0,0.0,Y,0,0,Y
43005038,1,1,Y,0,0,Y,0,0,Y,0,0,Y,1,1,Y,0,0,Y,0,0,Y,0,0,Y,0,0.0,Y,0,0.0,Y,0,0,Y,0,0,Y,1,1,Y,0,0,Y,1,1,Y,0,0,Y,0,0.0,Y,0,0,Y
43005045,1,1,Y,0,0,Y,0,0,Y,0,0,Y,1,1,Y,0,0,Y,0,0,Y,0,0,Y,0,0.0,Y,0,0.0,Y,0,0,Y,0,1,N,1,1,Y,0,0,Y,1,0,N,0,0,Y,0,0.0,Y,0,0,Y
43006013,0,0,Y,0,0,Y,1,1,Y,1,0,N,0,0,Y,0,0,Y,0,0,Y,0,0,Y,0,0.0,Y,0,0.0,Y,0,1,N,1,0,N,0,0,Y,0,0,Y,1,1,Y,0,0,Y,1,1.0,Y,0,0,Y
43006017,0,0,Y,1,1,Y,0,0,Y,0,0,Y,0,1,N,0,0,Y,0,0,Y,1,0,N,0,0.0,Y,1,1.0,Y,0,0,Y,0,1,N,0,0,Y,1,0,N,0,0,Y,0,0,Y,1,1.0,Y,0,0,Y
43006027,1,1,Y,0,0,Y,0,0,Y,0,0,Y,1,1,Y,0,0,Y,0,0,Y,0,0,Y,0,0.0,Y,0,0.0,Y,0,0,Y,0,0,Y,1,1,Y,0,0,Y,1,1,Y,0,0,Y,0,0.0,Y,0,0,Y
43006029,1,1,Y,0,0,Y,0,0,Y,0,0,Y,1,1,Y,0,0,Y,0,0,Y,0,0,Y,0,0.0,Y,0,0.0,Y,0,0,Y,0,0,Y,1,1,Y,0,0,Y,1,1,Y,0,0,Y,0,0.0,Y,0,0,Y
43006036,1,1,Y,0,0,Y,0,0,Y,0,0,Y,1,1,Y,0,0,Y,0,0,Y,0,0,Y,0,0.0,Y,0,0.0,Y,0,0,Y,1,1,Y,0,0,Y,0,0,Y,1,0,N,0,0,Y,0,0.0,Y,0,0,Y
43006039,1,1,Y,0,0,Y,0,0,Y,0,0,Y,1,1,Y,0,0,Y,0,0,Y,0,0,Y,0,0.0,Y,0,0.0,Y,0,0,Y,0,0,Y,1,1,Y,0,0,Y,1,1,Y,0,0,Y,0,0.0,Y,0,0,Y
43006045,0,0,Y,0,0,Y,1,0,N,1,1,Y,0,0,Y,0,0,Y,0,0,Y,0,0,Y,0,0.0,Y,0,0.0,Y,0,0,Y,0,1,N,1,1,Y,0,0,Y,1,1,Y,0,0,Y,0,0.0,Y,0,0,Y
43006046a,1,1,Y,0,0,Y,0,0,Y,0,0,Y,1,1,Y,0,0,Y,0,0,Y,0,0,Y,0,0.0,Y,1,1.0,Y,0,0,Y,1,1,Y,0,0,Y,0,0,Y,1,1,Y,0,0,Y,0,0.0,Y,0,0,Y
43006046b,1,1,Y,0,0,Y,0,0,Y,0,0,Y,1,1,Y,0,0,Y,0,0,Y,0,0,Y,0,0.0,Y,0,1.0,N,0,0,Y,1,1,Y,0,0,Y,0,0,Y,1,1,Y,0,0,Y,0,0.0,Y,0,0,Y
43007008,0,0,Y,1,1,Y,0,0,Y,0,0,Y,0,1,N,0,0,Y,0,0,Y,1,1,Y,0,0.0,Y,1,1.0,Y,0,0,Y,0,0,Y,0,0,Y,1,0,N,0,0,Y,0,0,Y,0,0.0,Y,0,0,Y
43007015,1,1,Y,0,0,Y,0,0,Y,1,0,N,0,0,Y,0,0,Y,0,0,Y,0,1,N,0,0.0,Y,1,1.0,Y,0,0,Y,1,1,Y,0,1,N,0,1,N,1,0,N,0,0,Y,0,1.0,N,0,0,Y
43007030,0,0,Y,1,1,Y,0,0,Y,0,0,Y,0,1,N,0,0,Y,0,0,Y,1,0,N,0,0.0,Y,1,1.0,Y,0,0,Y,0,0,Y,0,0,Y,1,0,N,0,0,Y,0,0,Y,0,1.0,N,0,0,Y
43007031,1,0,N,0,0,Y,0,0,Y,1,0,N,0,0,Y,0,0,Y,0,0,Y,0,0,Y,0,0.0,Y,0,0.0,Y,0,0,Y,1,1,Y,0,0,Y,0,0,Y,1,1,Y,0,0,Y,0,0.0,Y,0,0,Y
43007046,0,0,Y,0,0,Y,1,1,Y,1,0,N,0,0,Y,0,0,Y,0,0,Y,0,0,Y,0,0.0,Y,1,1.0,Y,0,0,Y,1,1,Y,0,0,Y,0,0,Y,1,1,Y,0,0,Y,0,0.0,Y,0,0,Y
43007051,1,1,Y,0,0,Y,0,0,Y,1,0,N,0,0,Y,0,0,Y,0,0,Y,0,0,Y,0,0.0,Y,0,0.0,Y,0,0,Y,1,1,Y,0,0,Y,0,0,Y,1,1,Y,0,0,Y,0,0.0,Y,0,0,Y
43008020,0,0,Y,1,1,Y,0,0,Y,0,0,Y,0,1,N,0,0,Y,0,0,Y,1,0,N,0,0.0,Y,1,1.0,Y,0,0,Y,0,0,Y,0,0,Y,1,0,N,0,0,Y,0,0,Y,0,0.0,Y,0,0,Y
43008025,1,1,Y,0,0,Y,0,0,Y,0,0,Y,0,0,Y,1,1,Y,0,0,Y,0,0,Y,0,0.0,Y,0,0.0,Y,0,0,Y,0,1,N,0,0,Y,1,1,Y,0,0,Y,0,0,Y,0,1.0,N,0,0,Y
43008028,1,1,Y,0,0,Y,0,0,Y,1,1,Y,0,1,N,0,0,Y,0,0,Y,0,0,Y,0,0.0,Y,0,0.0,Y,0,1,N,0,0,Y,1,0,N,0,0,Y,1,1,Y,1,1,Y,0,0.0,Y,0,0,Y
43008029,1,1,Y,0,0,Y,0,0,Y,0,0,Y,0,1,N,0,0,Y,0,0,Y,1,1,Y,0,0.0,Y,1,1.0,Y,0,0,Y,0,0,Y,0,1,N,1,1,Y,0,0,Y,0,0,Y,0,0.0,Y,0,0,Y
43008033,0,0,Y,1,1,Y,0,0,Y,0,0,Y,0,0,Y,0,0,Y,0,0,Y,1,0,N,0,0.0,Y,1,1.0,Y,0,0,Y,1,1,Y,0,0,Y,0,0,Y,1,0,N,0,0,Y,0,1.0,N,0,0,Y
43008038a,1,1,Y,0,0,Y,0,0,Y,0,0,Y,0,1,N,1,0,N,0,0,Y,0,0,Y,0,0.0,Y,0,0.0,Y,0,1,N,1,1,Y,0,0,Y,0,0,Y,1,0,N,0,0,Y,0,0.0,Y,0,0,Y
43008038b,1,1,Y,0,0,Y,0,0,Y,0,0,Y,0,1,N,1,0,N,0,0,Y,0,0,Y,0,0.0,Y,0,0.0,Y,0,1,N,1,1,Y,0,0,Y,0,0,Y,1,0,N,0,0,Y,0,0.0,Y,0,0,Y
43008042,0,0,Y,1,1,Y,0,0,Y,0,0,Y,0,1,N,0,0,Y,0,0,Y,1,0,N,0,0.0,Y,1,1.0,Y,0,0,Y,0,1,N,0,0,Y,1,0,N,0,0,Y,0,0,Y,0,0.0,Y,0,0,Y
43008057,1,1,Y,0,0,Y,0,0,Y,0,0,Y,1,1,Y,0,0,Y,0,0,Y,0,0,Y,0,0.0,Y,0,0.0,Y,0,0,Y,1,1,Y,0,0,Y,0,0,Y,1,0,N,0,0,Y,0,0.0,Y,0,0,Y
43009018a,0,0,Y,1,1,Y,0,0,Y,0,0,Y,0,0,Y,0,0,Y,0,0,Y,1,0,N,0,0.0,Y,0,0.0,Y,0,0,Y,0,0,Y,0,0,Y,1,1,Y,0,0,Y,0,0,Y,1,1.0,Y,0,0,Y
43009018b,1,1,Y,0,0,Y,0,0,Y,0,0,Y,1,1,Y,0,0,Y,0,0,Y,0,0,Y,0,0.0,Y,0,0.0,Y,0,0,Y,0,0,Y,1,1,Y,0,0,Y,1,1,Y,0,0,Y,1,1.0,Y,0,0,Y
43009022,0,1,N,0,0,Y,1,0,N,0,0,Y,1,1,Y,0,0,Y,0,0,Y,0,0,Y,0,0.0,Y,0,0.0,Y,0,0,Y,0,0,Y,1,1,Y,0,0,Y,1,0,N,0,0,Y,1,1.0,Y,0,0,Y
43010018,1,1,Y,0,0,Y,0,0,Y,0,0,Y,1,1,Y,0,0,Y,0,0,Y,0,0,Y,0,0.0,Y,0,0.0,Y,0,0,Y,0,0,Y,1,1,Y,0,0,Y,1,1,Y,0,0,Y,1,0.0,N,0,0,Y
43010029,1,1,Y,0,0,Y,0,0,Y,0,0,Y,1,1,Y,0,0,Y,0,0,Y,0,0,Y,0,0.0,Y,0,0.0,Y,0,0,Y,0,0,Y,1,1,Y,0,0,Y,1,1,Y,0,0,Y,0,0.0,Y,0,0,Y
43010032,1,1,Y,0,0,Y,0,0,Y,1,0,N,0,0,Y,0,0,Y,0,0,Y,0,0,Y,0,0.0,Y,0,0.0,Y,0,0,Y,1,0,N,0,0,Y,0,0,Y,1,1,Y,0,0,Y,0,0.0,Y,0,0,Y
43011011,0,0,Y,1,1,Y,0,0,Y,0,0,Y,1,1,Y,0,0,Y,0,0,Y,0,0,Y,0,0.0,Y,0,0.0,Y,0,0,Y,0,0,Y,1,1,Y,0,0,Y,1,1,Y,0,0,Y,0,0.0,Y,0,0,Y
43011012,0,0,Y,1,0,N,0,0,Y,0,0,Y,1,1,Y,0,0,Y,0,0,Y,0,0,Y,0,1.0,N,0,0.0,Y,0,0,Y,0,0,Y,1,1,Y,0,0,Y,1,1,Y,0,1,N,0,0.0,Y,0,0,Y
43011017,0,0,Y,1,1,Y,0,0,Y,0,0,Y,0,0,Y,0,0,Y,0,0,Y,1,0,N,0,0.0,Y,0,0.0,Y,1,1,Y,0,0,Y,0,0,Y,1,1,Y,0,0,Y,0,0,Y,1,1.0,Y,0,0,Y
43011021a,0,0,Y,1,1,Y,0,0,Y,0,0,Y,0,0,Y,0,1,N,0,0,Y,1,0,N,1,1.0,Y,0,0.0,Y,0,0,Y,0,0,Y,0,0,Y,1,0,N,0,0,Y,1,1,Y,1,1.0,Y,0,0,Y
43011021b,0,0,Y,1,1,Y,0,0,Y,0,0,Y,1,1,Y,0,0,Y,0,0,Y,0,0,Y,1,1.0,Y,0,1.0,N,0,0,Y,0,0,Y,1,0,N,0,0,Y,1,0,N,1,1,Y,0,1.0,N,0,0,Y
43011032a,0,0,Y,1,1,Y,0,0,Y,0,0,Y,0,0,Y,0,0,Y,0,0,Y,1,0,N,1,1.0,Y,0,0.0,Y,0,1,N,0,0,Y,0,0,Y,1,0,N,0,0,Y,1,1,Y,1,1.0,Y,0,0,Y
43011032b,0,0,Y,1,1,Y,0,0,Y,0,0,Y,1,1,Y,0,0,Y,0,0,Y,0,0,Y,1,1.0,Y,0,1.0,N,0,1,N,0,0,Y,1,0,N,0,0,Y,1,1,Y,1,1,Y,0,1.0,N,0,0,Y
43011034,1,1,Y,0,0,Y,0,0,Y,1,0,N,0,1,N,0,0,Y,0,0,Y,0,0,Y,0,0.0,Y,0,0.0,Y,0,0,Y,0,0,Y,1,1,Y,0,0,Y,1,1,Y,0,0,Y,0,0.0,Y,0,0,Y
43011037,1,1,Y,0,0,Y,0,0,Y,0,1,N,1,1,Y,0,0,Y,0,0,Y,0,0,Y,0,1.0,N,0,0.0,Y,0,0,Y,0,1,N,1,0,N,0,0,Y,1,1,Y,1,1,Y,0,1.0,N,0,0,Y
43011039a,0,0,Y,1,1,Y,0,0,Y,1,1,Y,0,0,Y,0,0,Y,0,0,Y,0,0,Y,0,0.0,Y,0,0.0,Y,0,1,N,0,0,Y,1,0,N,0,1,N,1,0,N,0,0,Y,0,0.0,Y,0,0,Y
43011039b,0,0,Y,1,1,Y,0,0,Y,0,0,Y,0,0,Y,0,0,Y,0,0,Y,1,0,N,0,0.0,Y,0,0.0,Y,0,1,N,0,0,Y,0,0,Y,1,0,N,0,0,Y,0,0,Y,0,1.0,N,0,0,Y
43011046,1,1,Y,0,0,Y,0,0,Y,1,0,N,0,0,Y,0,0,Y,0,0,Y,0,0,Y,0,0.0,Y,0,0.0,Y,0,0,Y,1,1,Y,0,1,N,0,0,Y,1,1,Y,0,0,Y,1,1.0,Y,0,0,Y
