TokenID,ASTrns_Gemini_full_r,ASTrns_KD_annotations_350,ASTrns,ASUncc_Gemini_full_r,ASUncc_KD_annotations_350,ASUncc,ASUnrg_Gemini_full_r,ASUnrg_KD_annotations_350,ASUnrg,AktAcc_Gemini_full_r,AktAcc_KD_annotations_350,AktAcc,AktAch_Gemini_full_r,AktAch_KD_annotations_350,AktAch,AktAct_Gemini_full_r,AktAct_KD_annotations_350,AktAct,AktSemel_Gemini_full_r,AktSemel_KD_annotations_350,AktSemel,AktState_Gemini_full_r,AktState_KD_annotations_350,AktState,ClCntfcl_Gemini_full_r,ClCntfcl_KD_annotations_350,ClCntfcl,ClNegPol_Gemini_full_r,ClNegPol_KD_annotations_350,ClNegPol,DtDTAM_Gemini_full_r,DtDTAM_KD_annotations_350,DtDTAM,DtExp_Gemini_full_r,DtExp_KD_annotations_350,DtExp,DtRes_Gemini_full_r,DtRes_KD_annotations_350,DtRes,DtUniv_Gemini_full_r,DtUniv_KD_annotations_350,DtUniv,TLAspPfv_Gemini_full_r,TLAspPfv_KD_annotations_350,TLAspPfv,TLMdIrr_Gemini_full_r,TLMdIrr_KD_annotations_350,TLMdIrr,TLTS_Gemini_full_r,TLTS_KD_annotations_350,TLTS,VcPass_Gemini_full_r,VcPass_KD_annotations_350,VcPass
40001018,1,1,N,0,0,N,0,0,N,0,0,N,0.0,1,N,0,0,N,0,0,N,0.0,0,N,0,0,N,0,0,N,0,0,N,0,0,N,0,1,N,0,0,N,0,1,N,0,0,N,1,1,N,1,1,N
40001024,1,1,N,0,0,N,0,0,N,0,0,N,0.0,1,N,0,0,N,0,0,N,0.0,0,N,0,0,N,0,0,N,1,0,N,0,0,N,0,1,N,0,0,N,1,1,N,0,0,N,1,1,N,0,0,N
40003002,0,0,N,1,1,N,0,0,N,0,1,N,0.0,0,N,0,0,N,0,0,N,0.0,0,N,0,0,N,0,0,N,0,0,N,0,0,N,1,1,N,0,0,N,1,1,N,0,0,N,0,0,N,0,0,N
40003017,1,1,N,0,0,N,0,0,N,0,0,N,0.0,1,N,0,0,N,0,0,N,0.0,0,N,0,0,N,0,0,N,1,0,N,0,0,N,0,1,N,0,0,N,1,1,N,0,0,N,0,0,N,0,0,N
40004012,1,1,N,0,0,N,0,0,N,0,0,N,1.0,1,N,0,0,N,0,0,N,0.0,0,N,0,0,N,0,0,N,0,0,N,0,0,N,0,1,N,0,0,N,1,1,N,0,0,N,1,1,N,1,1,N
40005027,0,1,N,0,0,N,0,0,N,0,0,N,1.0,1,N,0,0,N,0,0,N,0.0,0,N,0,0,N,0,0,N,0,0,N,1,1,N,0,0,N,0,0,N,0,1,N,0,0,N,0,0,N,0,0,N
40005038,1,1,N,0,0,N,0,0,N,0,0,N,1.0,1,N,0,0,N,0,0,N,0.0,0,N,0,0,N,0,0,N,0,0,N,1,1,N,0,0,N,0,0,N,0,1,N,0,0,N,0,0,N,0,0,N
40005043,0,1,N,0,0,N,0,0,N,0,0,N,1.0,1,N,0,0,N,0,0,N,0.0,0,N,0,0,N,0,0,N,0,0,N,1,1,N,0,0,N,0,0,N,1,1,N,0,0,N,0,0,N,0,0,N
40006002,0,1,N,0,0,N,0,0,N,0,0,N,0.0,1,N,0,0,N,0,0,N,0.0,0,N,0,0,N,0,0,N,0,0,N,0,0,N,0,1,N,0,0,N,1,1,N,0,0,N,1,0,N,1,1,N
40006005,1,1,N,0,0,N,0,0,N,0,0,N,0.0,1,N,0,0,N,0,0,N,0.0,0,N,0,0,N,0,0,N,0,0,N,0,0,N,0,1,N,0,0,N,1,1,N,0,0,N,1,0,N,1,1,N
40006016,1,1,N,0,0,N,0,0,N,0,0,N,0.0,1,N,0,0,N,0,0,N,0.0,0,N,0,0,N,0,0,N,0,0,N,0,0,N,0,1,N,0,0,N,1,1,N,0,0,N,0,0,N,0,0,N
40007028,0,1,N,0,0,N,1,0,N,1,0,N,0.0,1,N,0,0,N,0,0,N,0.0,0,N,0,0,N,0,0,N,1,0,N,0,0,N,1,1,N,0,0,N,1,1,N,0,0,N,1,0,N,0,0,N
40008010,1,1,N,0,0,N,0,0,N,0,0,N,1.0,1,N,0,0,N,0,0,N,0.0,0,N,0,0,N,1,1,N,0,0,N,1,0,N,0,1,N,0,0,N,0,1,N,0,0,N,0,0,N,0,0,N
40008029,0,0,N,0,1,N,0,0,N,0,0,N,0.0,1,N,0,0,N,0,0,N,0.0,0,N,0,0,N,0,0,N,0,0,N,0,0,N,0,1,N,0,0,N,1,1,N,0,0,N,0,0,N,0,0,N
40009008,1,1,N,0,0,N,0,0,N,0,0,N,0.0,1,N,0,0,N,0,0,N,0.0,0,N,0,0,N,0,0,N,0,0,N,0,0,N,0,1,N,0,0,N,1,1,N,0,0,N,1,1,N,0,0,N
40009016,0,1,N,0,0,N,0,0,N,0,1,N,0.0,0,N,0,0,N,0,0,N,0.0,0,N,0,0,N,1,0,N,0,0,N,1,0,N,0,1,N,0,0,N,0,1,N,0,0,N,0,0,N,1,1,N
40009022,1,1,N,0,0,N,0,0,N,0,1,N,0.0,0,N,0,0,N,0,0,N,0.0,0,N,0,0,N,0,0,N,0,0,N,0,0,N,1,1,N,0,0,N,1,1,N,0,0,N,0,0,N,0,0,N
40009033,1,1,N,0,0,N,0,0,N,0,0,N,0.0,1,N,0,0,N,0,0,N,0.0,0,N,0,0,N,1,1,N,0,0,N,1,1,N,0,0,N,0,0,N,0,1,N,0,0,N,0,0,N,0,0,N
40010023,0,0,N,0,1,N,0,0,N,0,0,N,0.0,0,N,0,1,N,0,0,N,0.0,0,N,0,0,N,0,0,N,1,0,N,0,1,N,0,0,N,0,0,N,0,0,N,1,0,N,0,0,N,0,0,N
40011012a,0,0,N,1,1,N,0,0,N,0,0,N,0.0,0,N,0,0,N,0,0,N,0.0,1,N,0,0,N,0,0,N,1,0,N,0,0,N,0,0,N,1,1,N,0,0,N,0,0,N,0,0,N,0,0,N
40011012b,1,1,N,0,0,N,0,0,N,0,0,N,0.0,0,N,0,1,N,0,0,N,0.0,0,N,0,0,N,0,0,N,0,0,N,0,0,N,0,0,N,1,1,N,0,0,N,0,0,N,0,0,N,0,0,N
40011021a,1,1,N,0,0,N,0,0,N,0,1,N,0.0,0,N,0,0,N,0,0,N,0.0,0,N,1,1,N,0,0,N,0,0,N,0,1,N,0,0,N,0,0,N,0,1,N,1,1,N,1,1,N,1,1,N
40011021b,0,0,N,0,0,N,1,1,N,0,0,N,0.0,1,N,0,0,N,0,0,N,0.0,0,N,1,1,N,0,0,N,1,0,N,0,1,N,0,0,N,0,0,N,0,1,N,1,1,N,1,0,N,0,0,N
40011023a,1,1,N,0,0,N,0,0,N,0,1,N,0.0,0,N,0,0,N,0,0,N,0.0,0,N,1,1,N,0,0,N,0,0,N,0,1,N,0,0,N,1,0,N,1,1,N,1,1,N,1,1,N,1,1,N
40011023b,0,0,N,1,1,N,0,0,N,0,0,N,0.0,0,N,0,0,N,0,0,N,0.0,1,N,1,1,N,0,0,N,0,0,N,0,0,N,0,0,N,0,1,N,0,0,N,1,1,N,1,0,N,0,0,N
40011025a,1,1,N,0,0,N,0,0,N,0,1,N,0.0,0,N,0,0,N,0,0,N,0.0,0,N,0,0,N,0,0,N,0,0,N,0,0,N,0,1,N,0,0,N,1,1,N,0,0,N,0,0,N,0,0,N
40011025b,1,1,N,0,0,N,0,0,N,0,0,N,1.0,1,N,0,0,N,0,0,N,0.0,0,N,0,0,N,0,0,N,0,0,N,0,0,N,0,1,N,0,0,N,1,1,N,0,0,N,0,0,N,0,0,N
40011027,1,1,N,0,0,N,0,0,N,0,1,N,0.0,0,N,0,0,N,0,0,N,0.0,0,N,0,0,N,0,0,N,0,0,N,0,0,N,0,1,N,0,0,N,1,1,N,0,0,N,1,0,N,1,1,N
40012007a,0,0,N,0,1,N,0,0,N,0,0,N,0.0,0,N,0,0,N,0,0,N,1.0,1,N,1,1,N,0,0,N,0,0,N,1,0,N,0,0,N,1,1,N,0,0,N,1,1,N,1,1,N,0,0,N
40012007b,1,1,N,0,0,N,0,0,N,0,0,N,0.0,1,N,0,0,N,0,0,N,0.0,0,N,1,1,N,1,1,N,0,0,N,1,0,N,0,1,N,0,0,N,0,1,N,1,1,N,1,0,N,0,0,N
40012018,1,1,N,0,0,N,0,0,N,0,0,N,0.0,1,N,0,0,N,0,0,N,0.0,0,N,0,0,N,0,0,N,0,0,N,0,0,N,0,1,N,0,0,N,1,1,N,0,0,N,0,0,N,0,0,N
40012028,0,0,N,0,1,N,0,0,N,0,1,N,1.0,0,N,0,0,N,0,0,N,0.0,0,N,0,0,N,0,0,N,0,0,N,0,0,N,0,1,N,0,0,N,1,1,N,0,0,N,0,0,N,0,0,N
40013051,1,0,N,0,1,N,0,0,N,0,0,N,0.0,1,N,0,0,N,0,0,N,0.0,0,N,0,0,N,0,0,N,0,0,N,1,0,N,0,1,N,0,0,N,0,1,N,0,0,N,0,0,N,0,0,N
40013052,1,1,N,0,0,N,0,0,N,0,1,N,0.0,0,N,0,0,N,0,0,N,0.0,0,N,0,0,N,0,0,N,0,0,N,0,0,N,0,1,N,0,0,N,1,1,N,0,0,N,1,0,N,1,1,N
40014004,0,1,N,0,0,N,0,0,N,0,0,N,0.0,1,N,0,0,N,0,0,N,0.0,0,N,0,0,N,0,0,N,0,0,N,1,1,N,0,0,N,0,0,N,0,1,N,0,0,N,1,0,N,0,0,N
40015006,1,1,N,0,0,N,0,0,N,0,0,N,0.0,1,N,0,0,N,0,0,N,0.0,0,N,0,0,N,0,0,N,0,0,N,0,0,N,0,1,N,0,0,N,1,1,N,0,0,N,0,0,N,0,0,N
40015013,1,1,N,0,0,N,0,0,N,0,1,N,0.0,0,N,0,0,N,0,0,N,0.0,0,N,0,0,N,1,1,N,0,0,N,1,0,N,0,1,N,0,0,N,0,1,N,0,0,N,0,0,N,0,0,N
40015032,0,0,N,1,1,N,0,0,N,0,0,N,0.0,0,N,0,0,N,0,0,N,1.0,1,N,0,0,N,0,0,N,1,0,N,0,0,N,0,0,N,0,1,N,0,0,N,0,0,N,0,0,N,0,0,N
40017009,0,0,N,1,1,N,0,0,N,0,1,N,1.0,0,N,0,0,N,0,0,N,0.0,0,N,0,0,N,0,0,N,0,0,N,0,0,N,0,1,N,0,0,N,1,1,N,1,0,N,0,0,N,0,0,N
40017012,0,0,N,0,1,N,0,0,N,0,1,N,0.0,0,N,0,0,N,0,0,N,0.0,0,N,0,0,N,0,0,N,0,0,N,0,0,N,0,1,N,0,0,N,1,1,N,0,0,N,0,0,N,0,0,N
40018012,0,0,N,0,1,N,0,0,N,0,0,N,0.0,1,N,1,0,N,0,0,N,0.0,0,N,0,0,N,0,0,N,0,0,N,0,0,N,0,1,N,0,0,N,0,1,N,0,0,N,0,0,N,0,0,N
40018013a,0,1,N,0,0,N,0,0,N,0,0,N,0.0,1,N,0,0,N,0,0,N,0.0,0,N,1,1,N,0,0,N,0,1,N,0,0,N,0,1,N,0,0,N,0,1,N,1,1,N,1,0,N,1,1,N
40018013b,0,0,N,0,1,N,1,0,N,0,0,N,0.0,0,N,0,0,N,0,0,N,0.0,1,N,1,1,N,0,0,N,1,0,N,0,0,N,0,0,N,0,1,N,0,0,N,1,1,N,1,0,N,0,0,N
40018015,1,1,N,0,0,N,0,0,N,0,0,N,1.0,1,N,0,0,N,0,0,N,0.0,0,N,0,0,N,0,0,N,0,0,N,0,0,N,1,1,N,0,0,N,1,1,N,0,1,N,0,0,N,0,0,N
40018031,1,1,N,0,0,N,0,0,N,0,1,N,0.0,1,N,0,0,N,0,0,N,0.0,0,N,0,0,N,0,0,N,1,0,N,0,1,N,0,1,N,0,0,N,1,1,N,0,0,N,1,1,N,1,1,N
40019006,1,1,N,0,0,N,0,0,N,0,0,N,1.0,1,N,0,0,N,0,0,N,0.0,0,N,0,0,N,0,0,N,0,0,N,0,0,N,1,1,N,0,0,N,1,1,N,0,0,N,0,0,N,0,0,N
40019011,0,1,N,0,0,N,0,0,N,0,0,N,0.0,1,N,0,0,N,0,0,N,0.0,0,N,0,0,N,0,0,N,0,0,N,0,0,N,0,1,N,0,0,N,1,1,N,0,0,N,0,0,N,0,0,N
40019012,0,1,N,0,0,N,0,0,N,0,0,N,0.0,1,N,0,0,N,0,0,N,0.0,0,N,0,0,N,0,0,N,0,0,N,0,0,N,1,1,N,0,0,N,1,1,N,0,0,N,0,0,N,0,0,N
40019020,1,1,N,0,0,N,0,0,N,0,1,N,0.0,0,N,0,0,N,0,0,N,0.0,0,N,0,0,N,0,0,N,0,0,N,1,0,N,0,1,N,0,0,N,1,1,N,0,0,N,0,0,N,0,0,N
40019027,1,1,N,0,0,N,0,0,N,0,0,N,1.0,1,N,0,0,N,0,0,N,0.0,0,N,0,0,N,0,0,N,0,0,N,0,0,N,0,1,N,0,0,N,1,1,N,0,0,N,0,0,N,0,0,N
40019028,0,1,N,0,0,N,0,0,N,0,0,N,0.0,0,N,0,1,N,0,0,N,0.0,0,N,0,0,N,0,0,N,0,0,N,0,0,N,0,0,N,0,1,N,0,0,N,0,0,N,0,0,N,0,0,N
40019029,0,1,N,0,0,N,0,0,N,0,0,N,1.0,1,N,0,0,N,0,0,N,0.0,0,N,0,0,N,0,0,N,0,0,N,0,0,N,0,1,N,0,0,N,1,1,N,0,0,N,0,0,N,0,0,N
40020007,1,1,N,0,0,N,0,0,N,0,0,N,0.0,1,N,0,0,N,0,0,N,0.0,0,N,0,0,N,1,1,N,0,0,N,0,0,N,0,1,N,0,0,N,0,1,N,0,0,N,0,0,N,0,0,N
40020012a,0,1,N,0,0,N,1,0,N,0,1,N,0.0,0,N,0,0,N,0,0,N,0.0,0,N,0,0,N,0,0,N,0,0,N,0,0,N,0,1,N,0,0,N,1,1,N,0,0,N,0,0,N,0,0,N
40020012b,1,1,N,0,0,N,0,0,N,0,0,N,0.0,1,N,0,0,N,0,0,N,0.0,0,N,0,0,N,0,0,N,0,0,N,0,0,N,0,1,N,0,0,N,1,1,N,0,0,N,0,0,N,0,0,N
40020012c,1,1,N,0,0,N,1,0,N,0,0,N,0.0,0,N,1,1,N,0,0,N,0.0,0,N,0,0,N,0,0,N,0,0,N,1,0,N,0,1,N,1,0,N,1,1,N,0,0,N,0,0,N,0,0,N
40020023,1,1,N,0,0,N,0,0,N,0,1,N,0.0,0,N,0,0,N,0,0,N,0.0,0,N,0,0,N,0,0,N,0,0,N,0,0,N,0,1,N,1,0,N,1,1,N,0,0,N,0,0,N,1,1,N
40021016,1,1,N,0,0,N,0,0,N,0,1,N,0.0,0,N,0,0,N,0,0,N,0.0,0,N,0,0,N,0,0,N,0,0,N,0,0,N,0,1,N,0,0,N,1,1,N,0,0,N,0,0,N,0,0,N
40021042a,1,1,N,0,0,N,0,0,N,0,1,N,0.0,0,N,0,0,N,0,0,N,0.0,0,N,0,0,N,0,0,N,0,0,N,1,1,N,0,0,N,0,0,N,0,1,N,0,0,N,0,0,N,0,0,N
40021042b,1,1,N,0,0,N,0,0,N,0,0,N,1.0,1,N,0,0,N,0,0,N,0.0,0,N,0,0,N,0,0,N,0,0,N,0,0,N,0,1,N,0,0,N,1,1,N,0,0,N,1,0,N,1,1,N
40022004,1,1,N,0,0,N,0,0,N,0,1,N,0.0,0,N,0,0,N,0,0,N,0.0,0,N,0,0,N,0,0,N,0,0,N,0,0,N,0,1,N,0,0,N,1,1,N,0,0,N,0,0,N,0,0,N
40022031,0,1,N,0,0,N,0,0,N,0,1,N,0.0,0,N,0,0,N,0,0,N,0.0,0,N,0,0,N,0,0,N,0,0,N,1,1,N,0,0,N,0,0,N,0,1,N,0,0,N,0,0,N,0,0,N
40022034,1,1,N,0,0,N,0,0,N,0,0,N,1.0,1,N,0,0,N,0,0,N,0.0,0,N,0,0,N,0,0,N,1,0,N,0,0,N,1,1,N,0,0,N,1,1,N,0,0,N,1,1,N,0,0,N
40023023,1,1,N,0,0,N,0,0,N,0,0,N,0.0,0,N,0,0,N,0,0,N,0.0,1,N,0,0,N,0,0,N,0,0,N,0,0,N,0,0,N,0,1,N,0,0,N,0,0,N,0,0,N,0,0,N
40023030,0,0,N,0,1,N,0,0,N,0,0,N,0.0,0,N,0,0,N,0,0,N,0.0,1,N,1,1,N,1,1,N,0,0,N,1,0,N,0,0,N,0,1,N,0,0,N,1,1,N,1,0,N,1,0,N
40024043a,0,1,N,0,0,N,0,0,N,0,0,N,0.0,0,N,0,0,N,0,0,N,0.0,1,N,1,1,N,0,0,N,0,0,N,1,0,N,0,0,N,1,1,N,0,0,N,1,1,N,1,0,N,0,0,N
40024043b,0,0,N,0,0,N,0,1,N,0,0,N,0.0,0,N,0,1,N,0,0,N,0.0,0,N,1,1,N,0,0,N,0,0,N,0,0,N,0,0,N,0,1,N,0,0,N,1,1,N,1,0,N,0,0,N
40024043c,1,1,N,0,0,N,0,0,N,0,1,N,0.0,0,N,0,0,N,0,0,N,0.0,0,N,1,1,N,1,1,N,0,0,N,0,0,N,0,1,N,0,0,N,0,1,N,1,1,N,1,0,N,1,1,N
40025021,0,0,N,0,1,N,0,0,N,0,0,N,0.0,0,N,0,0,N,0,0,N,0.0,1,N,0,0,N,0,0,N,0,0,N,0,0,N,0,0,N,0,1,N,0,0,N,0,0,N,0,0,N,0,0,N
40025027a,1,1,N,0,0,N,0,0,N,0,0,N,0.0,1,N,0,0,N,0,0,N,0.0,0,N,1,0,N,0,0,N,0,0,N,0,0,N,0,1,N,0,0,N,0,1,N,1,1,N,1,0,N,0,0,N
40025027b,1,1,N,0,0,N,0,0,N,0,0,N,0.0,1,N,0,0,N,0,0,N,0.0,0,N,1,0,N,0,0,N,0,0,N,0,0,N,0,1,N,0,0,N,1,1,N,1,1,N,1,0,N,0,0,N
40026001,0,0,N,0,0,N,1,1,N,1,0,N,0.0,1,N,0,0,N,0,0,N,0.0,0,N,0,0,N,0,0,N,1,0,N,0,0,N,1,1,N,0,0,N,1,1,N,0,0,N,1,1,N,0,0,N
40026009,1,1,N,0,0,N,0,0,N,0,0,N,0.0,1,N,0,0,N,0,0,N,0.0,0,N,1,0,N,0,0,N,0,0,N,0,0,N,0,1,N,0,0,N,0,1,N,1,1,N,1,0,N,1,1,N
40026024a,0,0,N,0,1,N,0,0,N,0,0,N,0.0,0,N,0,0,N,0,0,N,0.0,1,N,1,1,N,0,0,N,0,0,N,0,0,N,0,0,N,0,1,N,1,0,N,1,1,N,1,0,N,0,0,N
40026024b,0,1,N,1,0,N,0,0,N,0,0,N,1.0,1,N,0,0,N,0,0,N,0.0,0,N,1,1,N,1,1,N,0,0,N,0,0,N,0,1,N,0,0,N,0,1,N,1,1,N,1,1,N,0,1,N
40026047,1,1,N,0,0,N,0,0,N,0,0,N,0.0,1,N,0,0,N,0,0,N,0.0,0,N,0,0,N,0,0,N,0,0,N,0,0,N,0,1,N,0,0,N,1,1,N,0,0,N,1,1,N,0,0,N
40026056,0,0,N,1,1,N,0,0,N,0,0,N,0.0,1,N,0,0,N,0,0,N,0.0,0,N,0,0,N,0,0,N,0,0,N,0,1,N,0,0,N,0,0,N,1,1,N,0,0,N,0,0,N,0,0,N
40026065,1,1,N,0,0,N,0,0,N,0,0,N,1.0,1,N,0,0,N,0,0,N,0.0,0,N,0,0,N,0,0,N,0,0,N,1,1,N,0,0,N,0,0,N,1,1,N,0,0,N,0,0,N,0,0,N
40027004,0,1,N,0,0,N,0,0,N,0,0,N,0.0,1,N,0,0,N,0,0,N,0.0,0,N,0,0,N,0,0,N,0,0,N,0,1,N,0,0,N,0,0,N,1,1,N,0,0,N,0,0,N,0,0,N
40027019,0,1,N,0,0,N,0,0,N,0,0,N,0.0,0,N,0,1,N,0,0,N,0.0,0,N,0,0,N,0,0,N,1,0,N,1,0,N,0,0,N,0,1,N,0,0,N,0,0,N,0,0,N,0,0,N
40027023,1,1,N,0,0,N,1,0,N,0,1,N,0.0,0,N,0,0,N,0,0,N,0.0,0,N,0,0,N,0,0,N,0,0,N,1,1,N,0,0,N,0,0,N,1,1,N,0,0,N,0,0,N,0,0,N
40027046,1,1,N,0,0,N,0,0,N,0,0,N,1.0,1,N,0,0,N,0,0,N,0.0,0,N,0,0,N,0,0,N,0,0,N,0,0,N,0,1,N,0,0,N,1,1,N,0,0,N,0,0,N,0,0,N
40027060,1,1,N,0,0,N,0,0,N,1,1,N,1.0,0,N,0,0,N,0,0,N,0.0,0,N,0,0,N,0,0,N,0,0,N,0,0,N,1,1,N,0,0,N,1,1,N,0,0,N,1,1,N,0,0,N
40028005,1,1,N,0,0,N,0,0,N,0,0,N,0.0,1,N,0,0,N,0,0,N,0.0,0,N,0,0,N,0,0,N,0,0,N,0,0,N,0,1,N,0,0,N,1,1,N,0,0,N,0,0,N,1,1,N
40028006,0,0,N,1,1,N,0,0,N,0,0,N,1.0,1,N,0,0,N,0,0,N,0.0,0,N,0,0,N,0,0,N,0,0,N,0,0,N,0,1,N,0,0,N,1,1,N,0,0,N,0,0,N,0,0,N
40028007a,0,0,N,1,1,N,0,0,N,0,0,N,1.0,1,N,0,0,N,0,0,N,0.0,0,N,0,0,N,0,0,N,0,0,N,0,0,N,0,1,N,0,0,N,1,1,N,0,0,N,0,0,N,0,0,N
40028007b,1,1,N,0,0,N,0,0,N,0,0,N,0.0,1,N,0,0,N,0,0,N,0.0,0,N,0,0,N,0,0,N,0,0,N,1,1,N,0,0,N,0,0,N,0,1,N,0,0,N,0,0,N,0,0,N
40028018,1,1,N,0,0,N,0,0,N,0,0,N,0.0,1,N,0,0,N,0,0,N,0.0,0,N,0,0,N,0,0,N,0,0,N,0,0,N,0,1,N,0,0,N,1,1,N,0,0,N,0,0,N,1,1,N
40028020,1,1,N,0,0,N,0,0,N,0,0,N,0.0,1,N,0,0,N,0,0,N,0.0,0,N,0,0,N,0,0,N,0,0,N,0,1,N,0,0,N,0,0,N,0,1,N,0,0,N,0,0,N,0,0,N
41001015,0,0,N,0,1,N,0,0,N,0,0,N,1.0,1,N,0,0,N,0,0,N,0.0,0,N,0,0,N,0,0,N,0,0,N,0,0,N,0,1,N,0,0,N,1,1,N,0,0,N,0,0,N,0,0,N
41001024,0,0,N,0,1,N,0,0,N,0,0,N,0.0,1,N,0,0,N,0,0,N,0.0,0,N,0,0,N,0,0,N,0,0,N,0,0,N,0,1,N,0,0,N,1,1,N,1,0,N,0,0,N,0,0,N
41002012,1,1,N,0,0,N,0,0,N,0,0,N,0.0,1,N,0,0,N,0,0,N,0.0,0,N,0,0,N,1,1,N,0,0,N,1,1,N,0,0,N,0,0,N,0,1,N,0,0,N,0,0,N,0,0,N
41002017,0,0,N,0,1,N,0,0,N,0,0,N,0.0,1,N,0,0,N,0,0,N,0.0,0,N,0,0,N,0,0,N,0,0,N,0,0,N,0,1,N,0,0,N,1,1,N,0,0,N,0,0,N,0,0,N
41003021,1,1,N,0,0,N,0,0,N,0,0,N,1.0,1,N,0,0,N,0,0,N,0.0,0,N,0,0,N,0,0,N,0,0,N,0,0,N,0,1,N,0,0,N,1,1,N,0,0,N,0,0,N,0,0,N
41003026,0,0,N,0,1,N,0,0,N,0,0,N,1.0,1,N,0,0,N,0,0,N,0.0,0,N,0,0,N,0,0,N,0,0,N,0,0,N,0,1,N,0,0,N,1,1,N,1,0,N,0,0,N,0,0,N
41004015a,1,1,N,0,0,N,0,0,N,0,0,N,1.0,1,N,0,0,N,0,0,N,0.0,0,N,0,0,N,0,0,N,1,0,N,1,1,N,0,0,N,0,0,N,1,1,N,0,1,N,0,0,N,0,0,N
41004015b,1,1,N,0,0,N,0,0,N,0,1,N,0.0,0,N,0,0,N,0,0,N,0.0,0,N,0,0,N,0,0,N,0,0,N,0,0,N,0,1,N,0,0,N,1,1,N,0,0,N,0,0,N,1,1,N
41004016,1,1,N,0,0,N,0,0,N,0,0,N,1.0,1,N,0,0,N,0,0,N,0.0,0,N,0,0,N,0,0,N,1,0,N,1,1,N,0,0,N,0,0,N,0,1,N,1,1,N,0,0,N,0,0,N
41004018,1,1,N,0,0,N,0,0,N,0,0,N,1.0,1,N,0,0,N,0,0,N,0.0,0,N,0,0,N,0,0,N,0,0,N,1,1,N,0,0,N,0,0,N,0,1,N,0,0,N,0,0,N,0,0,N
41004029,0,0,N,0,1,N,0,0,N,0,0,N,1.0,1,N,0,0,N,0,0,N,0.0,0,N,0,0,N,0,0,N,0,0,N,0,0,N,0,1,N,0,0,N,1,1,N,0,0,N,0,0,N,0,0,N
41005014,0,0,N,1,1,N,0,0,N,0,0,N,1.0,1,N,0,0,N,0,0,N,0.0,0,N,0,0,N,0,0,N,0,0,N,0,1,N,0,0,N,0,0,N,1,1,N,0,0,N,1,1,N,0,0,N
41005015,1,0,N,0,1,N,0,0,N,0,0,N,0.0,0,N,0,0,N,0,0,N,0.0,1,N,0,0,N,0,0,N,1,0,N,0,0,N,0,0,N,0,1,N,1,0,N,0,0,N,1,1,N,1,0,N
41005018,0,0,N,0,1,N,0,0,N,0,0,N,1.0,0,N,0,0,N,0,0,N,0.0,1,N,0,0,N,0,0,N,0,0,N,0,0,N,0,0,N,0,1,N,1,0,N,0,0,N,1,1,N,1,0,N
41005020,1,1,N,0,0,N,0,0,N,0,1,N,0.0,0,N,0,0,N,0,0,N,0.0,0,N,0,0,N,0,0,N,1,0,N,0,0,N,1,1,N,0,0,N,1,1,N,0,0,N,1,1,N,0,0,N
41005032,0,1,N,0,0,N,0,0,N,0,0,N,0.0,0,N,0,1,N,0,0,N,0.0,0,N,0,0,N,0,0,N,0,0,N,0,0,N,0,1,N,0,0,N,1,1,N,0,0,N,1,1,N,0,0,N
41005034,1,1,N,0,0,N,0,0,N,1,0,N,1.0,1,N,0,0,N,0,0,N,0.0,0,N,0,0,N,0,0,N,0,0,N,0,0,N,1,1,N,0,0,N,1,1,N,0,0,N,0,0,N,0,0,N
41006014a,0,0,N,1,1,N,0,0,N,0,1,N,0.0,0,N,0,0,N,0,0,N,0.0,0,N,0,0,N,0,0,N,0,0,N,0,0,N,0,1,N,0,0,N,1,1,N,0,0,N,1,1,N,0,0,N
41006014b,0,0,N,1,1,N,0,0,N,0,0,N,1.0,1,N,0,0,N,0,0,N,0.0,0,N,0,0,N,0,0,N,0,0,N,0,0,N,0,1,N,0,0,N,1,1,N,1,0,N,1,1,N,0,0,N
41006030,0,1,N,0,0,N,0,0,N,0,1,N,0.0,0,N,0,0,N,0,0,N,0.0,0,N,0,0,N,0,0,N,0,0,N,1,0,N,0,1,N,0,0,N,1,1,N,0,0,N,1,1,N,0,0,N
41006052,1,1,N,0,0,N,0,0,N,0,0,N,1.0,0,N,0,0,N,0,0,N,0.0,1,N,0,0,N,1,1,N,0,0,N,1,0,N,0,0,N,0,1,N,0,0,N,0,0,N,1,1,N,0,0,N
41007029,0,0,N,0,1,N,0,0,N,0,0,N,1.0,1,N,0,0,N,0,0,N,0.0,0,N,0,0,N,0,0,N,1,0,N,0,0,N,0,1,N,0,0,N,1,1,N,0,0,N,0,0,N,0,0,N
41009009a,1,1,N,0,0,N,0,0,N,0,0,N,0.0,1,N,0,0,N,0,0,N,0.0,0,N,0,0,N,0,0,N,1,0,N,1,1,N,0,0,N,0,0,N,0,1,N,0,0,N,1,1,N,0,0,N
41009009b,0,0,N,1,1,N,0,0,N,0,0,N,1.0,1,N,0,0,N,0,0,N,0.0,0,N,0,0,N,0,0,N,1,0,N,0,0,N,0,1,N,0,0,N,1,1,N,1,0,N,1,1,N,0,0,N
41009013a,0,0,N,0,1,N,0,0,N,0,0,N,1.0,1,N,0,0,N,0,0,N,0.0,0,N,0,0,N,0,0,N,0,0,N,0,0,N,0,1,N,0,0,N,1,1,N,0,0,N,0,0,N,0,0,N
41009013b,1,1,N,0,0,N,0,0,N,0,1,N,0.0,0,N,0,0,N,0,0,N,0.0,0,N,0,0,N,0,0,N,0,0,N,1,0,N,0,1,N,0,0,N,1,1,N,0,0,N,0,0,N,0,0,N
41009021,0,0,N,0,1,N,1,0,N,0,0,N,0.0,0,N,1,1,N,0,0,N,0.0,0,N,0,0,N,0,0,N,0,0,N,0,0,N,0,0,N,1,1,N,0,0,N,0,0,N,1,0,N,0,0,N
41009034,1,1,N,0,0,N,0,0,N,0,1,N,0.0,0,N,0,0,N,0,0,N,0.0,0,N,0,0,N,0,0,N,0,0,N,0,1,N,0,0,N,0,0,N,1,1,N,0,0,N,1,1,N,0,0,N
41010009,0,1,N,0,0,N,0,0,N,0,0,N,1.0,1,N,0,0,N,0,0,N,0.0,0,N,0,0,N,0,0,N,0,0,N,0,0,N,0,1,N,0,0,N,1,1,N,0,0,N,0,0,N,0,0,N
41010020,1,1,N,0,0,N,0,0,N,0,0,N,0.0,0,N,0,1,N,0,0,N,0.0,0,N,0,0,N,0,0,N,0,0,N,1,0,N,0,0,N,1,1,N,0,0,N,0,0,N,0,0,N,0,0,N
41010028a,1,1,N,0,0,N,0,0,N,0,0,N,1.0,1,N,0,0,N,0,0,N,0.0,0,N,0,0,N,0,0,N,0,0,N,0,0,N,1,1,N,0,0,N,1,1,N,0,0,N,0,0,N,0,0,N
41010028b,1,1,N,0,0,N,0,0,N,0,0,N,0.0,0,N,0,1,N,0,0,N,0.0,0,N,0,0,N,0,0,N,0,0,N,0,0,N,0,0,N,0,1,N,1,0,N,0,0,N,0,0,N,0,0,N
41010029,1,1,N,0,0,N,0,0,N,0,0,N,1.0,1,N,0,0,N,0,0,N,0.0,0,N,0,0,N,0,0,N,0,0,N,0,0,N,1,1,N,0,0,N,1,1,N,0,0,N,0,0,N,0,0,N
41010040,1,1,N,0,0,N,0,0,N,0,0,N,0.0,1,N,0,0,N,0,0,N,0.0,0,N,0,0,N,0,0,N,0,0,N,0,0,N,0,1,N,0,0,N,1,1,N,0,0,N,1,0,N,1,1,N
41010052,1,1,N,0,0,N,0,0,N,0,1,N,1.0,0,N,0,0,N,0,0,N,0.0,0,N,0,0,N,0,0,N,0,0,N,0,0,N,1,1,N,0,0,N,1,1,N,0,0,N,0,0,N,0,0,N
41011002,0,1,N,0,0,N,0,0,N,0,0,N,0.0,0,N,0,1,N,0,0,N,0.0,0,N,0,0,N,1,1,N,0,0,N,1,1,N,0,0,N,0,0,N,0,1,N,0,0,N,0,0,N,0,0,N
41011017,1,1,N,0,0,N,0,0,N,0,1,N,0.0,0,N,0,0,N,0,0,N,0.0,0,N,0,0,N,0,0,N,0,0,N,0,0,N,1,1,N,0,0,N,1,1,N,0,0,N,0,0,N,0,0,N
41012010,1,1,N,0,0,N,0,0,N,1,1,N,0.0,0,N,0,0,N,0,0,N,0.0,0,N,0,0,N,1,1,N,0,0,N,1,1,N,0,0,N,0,0,N,0,1,N,0,0,N,0,0,N,0,0,N
41013019,0,0,N,1,1,N,0,0,N,0,0,N,0.0,0,N,0,0,N,0,0,N,0.0,1,N,0,0,N,0,0,N,0,0,N,1,1,N,0,0,N,0,0,N,0,1,N,0,0,N,0,0,N,0,0,N
41013023,1,1,N,0,0,N,0,0,N,0,0,N,0.0,1,N,0,0,N,0,0,N,0.0,0,N,0,0,N,0,0,N,0,0,N,1,1,N,0,0,N,0,0,N,1,1,N,0,0,N,0,0,N,0,0,N
41014005a,1,1,N,0,0,N,0,0,N,1,0,N,1.0,1,N,0,0,N,0,0,N,0.0,0,N,0,0,N,0,0,N,0,0,N,0,0,N,0,1,N,0,0,N,1,1,N,1,1,N,1,0,N,1,1,N
41014005b,1,1,N,0,0,N,0,0,N,0,0,N,0.0,1,N,0,0,N,0,0,N,0.0,0,N,0,0,N,0,0,N,0,0,N,0,0,N,0,1,N,0,0,N,0,1,N,1,1,N,1,0,N,1,1,N
41014009,1,1,N,0,0,N,0,0,N,0,1,N,0.0,0,N,0,0,N,0,0,N,0.0,0,N,0,0,N,0,0,N,0,0,N,0,0,N,0,1,N,0,0,N,1,1,N,0,0,N,0,0,N,0,0,N
41014021a,0,0,N,0,1,N,0,0,N,0,0,N,0.0,0,N,0,0,N,0,0,N,0.0,1,N,1,1,N,0,0,N,0,0,N,1,0,N,0,0,N,0,1,N,0,0,N,1,1,N,1,0,N,0,0,N
41014021b,0,1,N,0,0,N,0,0,N,0,0,N,1.0,1,N,0,0,N,0,0,N,0.0,0,N,1,1,N,1,1,N,0,0,N,0,0,N,0,1,N,0,0,N,0,1,N,1,1,N,1,0,N,0,1,N
41014023,1,1,N,0,0,N,0,0,N,0,1,N,0.0,1,N,0,0,N,0,0,N,0.0,0,N,0,0,N,0,0,N,1,0,N,0,1,N,0,0,N,0,0,N,1,1,N,0,0,N,1,1,N,0,0,N
41014041,0,0,N,0,1,N,0,0,N,0,0,N,0.0,1,N,0,0,N,0,0,N,0.0,0,N,0,0,N,0,0,N,0,0,N,0,0,N,0,1,N,0,0,N,1,1,N,0,0,N,0,0,N,0,0,N
41014064,1,1,N,0,0,N,0,0,N,0,0,N,1.0,1,N,0,0,N,0,0,N,0.0,0,N,0,0,N,0,0,N,0,0,N,1,1,N,0,0,N,0,0,N,1,1,N,0,0,N,0,0,N,0,0,N
41015014,1,1,N,0,0,N,1,0,N,0,1,N,0.0,0,N,0,0,N,0,0,N,0.0,0,N,0,0,N,0,0,N,0,0,N,1,1,N,0,0,N,0,0,N,1,1,N,0,0,N,0,0,N,0,0,N
41015034,1,1,N,0,0,N,0,0,N,0,0,N,0.0,1,N,0,0,N,0,0,N,0.0,0,N,0,0,N,0,0,N,0,0,N,1,0,N,0,1,N,0,0,N,1,1,N,0,0,N,0,0,N,0,0,N
41015046,1,1,N,0,0,N,0,0,N,0,1,N,1.0,0,N,0,0,N,0,0,N,0.0,0,N,0,0,N,0,0,N,0,0,N,0,0,N,0,1,N,1,0,N,1,1,N,0,0,N,1,1,N,1,1,N
41016002,0,0,N,1,1,N,0,0,N,1,1,N,1.0,0,N,0,0,N,0,0,N,0.0,0,N,0,0,N,0,0,N,1,0,N,0,0,N,0,1,N,0,0,N,1,1,N,0,0,N,1,1,N,0,0,N
41016006a,1,1,N,0,0,N,0,0,N,0,1,N,0.0,0,N,0,0,N,0,0,N,0.0,0,N,0,0,N,0,0,N,0,0,N,0,0,N,0,1,N,0,0,N,1,1,N,0,0,N,1,0,N,1,1,N
41016006b,0,0,N,1,1,N,0,0,N,0,1,N,1.0,0,N,0,0,N,0,0,N,0.0,0,N,0,0,N,0,0,N,0,0,N,0,0,N,1,1,N,0,0,N,1,1,N,0,0,N,0,0,N,0,0,N
41016008,0,1,N,1,0,N,0,0,N,0,1,N,,0,N,0,0,N,0,0,N,0.0,0,N,0,0,N,0,0,N,0,0,N,0,0,N,0,1,N,0,0,N,1,1,N,0,0,N,1,1,N,0,0,N
41016010,0,0,N,0,1,N,1,0,N,0,0,N,0.0,0,N,0,0,N,0,0,N,0.0,1,N,0,0,N,0,0,N,0,0,N,0,0,N,0,0,N,1,1,N,0,0,N,0,0,N,1,1,N,0,0,N
41016011,1,1,N,0,0,N,0,0,N,0,0,N,1.0,1,N,0,0,N,0,0,N,0.0,0,N,0,0,N,0,0,N,1,0,N,1,1,N,0,0,N,0,0,N,1,1,N,0,0,N,1,1,N,0,0,N
41016014a,1,1,N,0,0,N,0,0,N,0,0,N,1.0,1,N,0,0,N,0,0,N,0.0,0,N,0,0,N,0,0,N,1,1,N,1,1,N,0,0,N,0,0,N,1,1,N,0,0,N,1,1,N,0,0,N
41016014b,0,0,N,1,1,N,0,0,N,0,1,N,1.0,0,N,0,0,N,0,0,N,0.0,0,N,0,0,N,0,0,N,1,0,N,0,0,N,0,1,N,0,0,N,1,1,N,0,0,N,1,1,N,0,0,N
41016019,0,1,N,0,0,N,1,0,N,0,1,N,0.0,0,N,0,0,N,0,0,N,0.0,0,N,0,0,N,0,0,N,1,0,N,0,1,N,0,0,N,0,0,N,1,1,N,0,0,N,1,1,N,0,0,N
42001001a,1,1,N,0,0,N,1,0,N,0,0,N,0.0,0,N,0,1,N,0,0,N,0.0,0,N,0,0,N,0,0,N,0,0,N,1,1,N,0,0,N,0,0,N,0,1,N,0,0,N,0,0,N,0,0,N
42001001b,0,0,N,1,1,N,0,0,N,0,0,N,0.0,1,N,0,0,N,0,0,N,0.0,0,N,0,0,N,0,0,N,0,0,N,0,1,N,0,0,N,0,0,N,1,1,N,0,0,N,0,0,N,0,0,N
42001003,1,1,N,0,0,N,0,0,N,0,1,N,0.0,0,N,0,0,N,0,0,N,0.0,0,N,0,0,N,0,0,N,0,0,N,1,0,N,0,1,N,0,0,N,0,1,N,0,0,N,0,0,N,0,0,N
42001013,1,1,N,0,0,N,0,0,N,0,0,N,1.0,1,N,0,0,N,0,0,N,0.0,0,N,0,0,N,0,0,N,0,0,N,1,1,N,0,0,N,0,0,N,1,1,N,0,0,N,0,0,N,0,0,N
42001017,0,1,N,0,0,N,0,0,N,0,0,N,0.0,1,N,0,0,N,0,0,N,0.0,0,N,0,0,N,0,0,N,0,0,N,0,0,N,0,1,N,1,0,N,0,1,N,0,0,N,1,0,N,1,1,N
42001019,1,1,N,0,0,N,0,0,N,0,0,N,0.0,1,N,0,0,N,0,0,N,0.0,0,N,0,0,N,0,0,N,0,0,N,0,0,N,0,1,N,0,0,N,1,1,N,0,0,N,1,0,N,1,1,N
42001020,1,1,N,0,0,N,0,0,N,0,0,N,0.0,1,N,0,0,N,0,0,N,0.0,0,N,0,0,N,0,0,N,0,0,N,0,0,N,0,1,N,0,0,N,1,1,N,0,0,N,0,0,N,0,0,N
42001025,1,1,N,0,0,N,0,0,N,0,0,N,0.0,1,N,0,0,N,0,0,N,0.0,0,N,0,0,N,0,0,N,0,0,N,1,1,N,0,0,N,0,0,N,1,1,N,0,0,N,0,0,N,0,0,N
42001030,0,1,N,0,0,N,0,0,N,0,0,N,1.0,1,N,0,0,N,0,0,N,0.0,0,N,0,0,N,0,0,N,0,0,N,0,0,N,1,1,N,0,0,N,1,1,N,0,0,N,0,0,N,0,0,N
42001034,0,1,N,0,0,N,0,0,N,0,0,N,0.0,0,N,0,0,N,0,0,N,0.0,1,N,0,0,N,1,1,N,0,0,N,1,0,N,0,0,N,1,1,N,0,0,N,0,0,N,0,0,N,0,0,N
42001036,1,0,N,0,0,N,0,1,N,0,0,N,0.0,1,N,0,0,N,0,0,N,0.0,0,N,0,0,N,0,0,N,0,0,N,0,0,N,1,1,N,0,0,N,1,1,N,0,0,N,0,0,N,0,0,N
42001048,0,1,N,0,0,N,0,0,N,0,0,N,0.0,1,N,0,0,N,0,0,N,0.0,0,N,0,0,N,0,0,N,0,0,N,1,1,N,0,0,N,0,0,N,0,1,N,0,0,N,0,0,N,0,0,N
42001049,0,1,N,0,0,N,0,0,N,0,1,N,0.0,0,N,0,0,N,0,0,N,0.0,0,N,0,0,N,0,0,N,0,0,N,0,1,N,0,0,N,0,0,N,1,1,N,0,0,N,0,0,N,0,0,N
42001054,1,1,N,0,0,N,0,0,N,0,0,N,0.0,0,N,0,1,N,0,0,N,0.0,0,N,0,0,N,0,0,N,0,0,N,0,1,N,0,0,N,0,0,N,1,1,N,0,0,N,0,0,N,0,0,N
42001068a,1,1,N,0,0,N,0,0,N,0,0,N,0.0,1,N,0,0,N,0,0,N,0.0,0,N,0,0,N,0,0,N,0,0,N,1,1,N,0,0,N,0,0,N,1,1,N,0,0,N,0,0,N,0,0,N
42001068b,1,1,N,0,0,N,0,0,N,0,0,N,0.0,1,N,0,0,N,0,0,N,0.0,0,N,0,0,N,0,0,N,0,0,N,0,0,N,1,1,N,0,0,N,1,1,N,0,0,N,0,0,N,0,0,N
42002015,0,0,N,1,1,N,0,0,N,0,0,N,1.0,1,N,0,0,N,0,0,N,0.0,0,N,0,0,N,0,0,N,0,0,N,0,1,N,0,0,N,0,0,N,1,1,N,0,0,N,0,0,N,0,0,N
42002017,1,1,N,0,0,N,0,0,N,0,0,N,1.0,1,N,0,0,N,0,0,N,0.0,0,N,0,0,N,0,0,N,1,1,N,1,1,N,0,0,N,0,0,N,1,1,N,0,0,N,1,1,N,0,0,N
42002020a,1,1,N,0,0,N,0,0,N,0,0,N,1.0,1,N,0,0,N,0,0,N,0.0,0,N,0,0,N,0,0,N,0,0,N,1,1,N,0,0,N,0,0,N,1,1,N,0,0,N,1,1,N,0,0,N
42002020b,0,1,N,0,0,N,0,0,N,0,0,N,1.0,1,N,0,0,N,0,0,N,0.0,0,N,0,0,N,0,0,N,0,0,N,1,1,N,0,0,N,0,0,N,0,1,N,0,0,N,1,1,N,0,0,N
42002030,1,1,N,0,0,N,0,0,N,0,0,N,1.0,1,N,0,0,N,0,0,N,0.0,0,N,0,0,N,0,0,N,0,0,N,1,1,N,0,0,N,0,0,N,0,1,N,0,0,N,0,0,N,0,0,N
42002037,0,0,N,1,1,N,0,0,N,0,0,N,0.0,0,N,0,0,N,0,0,N,0.0,1,N,0,0,N,0,0,N,1,0,N,0,0,N,0,0,N,1,1,N,0,0,N,0,0,N,1,1,N,0,0,N
42002039,1,1,N,0,0,N,0,0,N,1,1,N,0.0,0,N,0,0,N,0,0,N,0.0,0,N,0,0,N,0,0,N,1,0,N,0,1,N,0,0,N,0,0,N,1,1,N,0,0,N,1,1,N,0,0,N
42002048a,1,1,N,0,0,N,0,0,N,0,0,N,0.0,0,N,1,1,N,0,0,N,0.0,0,N,0,0,N,0,0,N,0,0,N,0,1,N,0,0,N,1,0,N,0,1,N,0,0,N,0,0,N,0,0,N
42002048b,0,0,N,0,1,N,0,0,N,0,0,N,0.0,0,N,0,0,N,0,0,N,0.0,1,N,0,0,N,0,0,N,0,0,N,0,0,N,0,0,N,1,1,N,0,0,N,0,0,N,1,0,N,1,0,N
42003019,1,1,N,0,0,N,0,0,N,0,1,N,0.0,0,N,0,0,N,0,0,N,0.0,0,N,0,0,N,0,0,N,0,0,N,1,1,N,0,0,N,0,0,N,1,1,N,0,0,N,1,1,N,0,0,N
42004006,1,1,N,0,0,N,0,0,N,0,0,N,1.0,1,N,0,0,N,0,0,N,0.0,0,N,0,0,N,0,0,N,1,0,N,0,0,N,1,1,N,0,0,N,1,1,N,0,0,N,1,0,N,1,1,N
42004013,1,1,N,0,0,N,0,0,N,1,1,N,0.0,0,N,0,0,N,0,0,N,0.0,0,N,0,0,N,0,0,N,1,0,N,0,0,N,0,1,N,0,0,N,1,1,N,0,0,N,1,1,N,0,0,N
42004018,1,1,N,0,0,N,0,0,N,0,0,N,0.0,1,N,0,0,N,0,0,N,0.0,0,N,0,0,N,0,0,N,0,0,N,0,0,N,0,1,N,0,0,N,1,1,N,0,0,N,0,0,N,0,0,N
42004034,0,0,N,0,1,N,0,0,N,0,0,N,0.0,1,N,0,0,N,0,0,N,0.0,0,N,0,0,N,0,0,N,0,0,N,0,0,N,0,1,N,0,0,N,1,1,N,0,0,N,0,0,N,0,0,N
42004035,1,1,N,0,0,N,0,0,N,0,0,N,1.0,1,N,0,0,N,0,0,N,0.0,0,N,0,0,N,0,0,N,1,0,N,0,0,N,1,1,N,0,0,N,1,1,N,0,0,N,1,1,N,0,0,N
42005002,0,0,N,1,1,N,1,0,N,0,0,N,1.0,1,N,1,0,N,0,0,N,0.0,0,N,0,0,N,0,0,N,0,0,N,0,0,N,0,1,N,0,0,N,1,1,N,0,0,N,1,1,N,0,0,N
42005026,1,1,N,0,0,N,0,0,N,0,0,N,0.0,0,N,0,1,N,0,0,N,0.0,0,N,0,0,N,0,0,N,0,0,N,1,1,N,0,0,N,0,0,N,1,1,N,0,0,N,0,0,N,0,0,N
42006024,1,1,N,0,0,N,0,0,N,0,0,N,1.0,1,N,0,0,N,0,0,N,0.0,0,N,0,0,N,0,0,N,0,0,N,0,0,N,1,1,N,0,0,N,1,1,N,0,0,N,0,0,N,0,0,N
42007016a,0,0,N,1,1,N,0,0,N,0,0,N,1.0,1,N,0,0,N,0,0,N,0.0,0,N,0,0,N,0,0,N,0,0,N,0,0,N,0,1,N,0,0,N,1,1,N,0,0,N,0,0,N,0,0,N
42007016b,1,1,N,0,0,N,0,0,N,0,0,N,0.0,1,N,0,0,N,0,0,N,0.0,0,N,0,0,N,0,0,N,0,0,N,0,1,N,0,0,N,0,0,N,1,1,N,0,0,N,0,0,N,0,0,N
42007016c,1,1,N,0,0,N,0,0,N,0,0,N,0.0,0,N,0,1,N,0,0,N,0.0,0,N,0,0,N,0,0,N,0,0,N,1,1,N,0,0,N,0,0,N,1,1,N,0,0,N,0,0,N,0,0,N
42007016d,1,1,N,0,0,N,0,0,N,0,0,N,0.0,1,N,0,0,N,0,0,N,0.0,0,N,0,0,N,0,0,N,0,0,N,0,0,N,0,1,N,0,0,N,1,1,N,0,0,N,0,0,N,0,0,N
42007022a,1,1,N,0,0,N,0,0,N,0,0,N,0.0,0,N,0,1,N,0,0,N,0.0,0,N,0,0,N,0,0,N,0,0,N,1,1,N,0,0,N,0,0,N,0,1,N,0,0,N,0,0,N,0,0,N
42007022b,1,1,N,0,0,N,0,0,N,0,0,N,1.0,0,N,0,1,N,0,0,N,0.0,0,N,0,0,N,0,0,N,0,0,N,1,1,N,0,0,N,0,0,N,1,1,N,0,0,N,0,0,N,0,0,N
42007045,1,1,N,0,0,N,0,0,N,0,0,N,0.0,0,N,1,1,N,0,0,N,0.0,0,N,0,0,N,1,1,N,1,0,N,0,0,N,0,0,N,1,1,N,0,0,N,0,0,N,0,0,N,0,0,N
42008002a,1,1,N,0,0,N,0,0,N,1,0,N,1.0,1,N,0,0,N,0,0,N,0.0,0,N,0,0,N,0,0,N,0,0,N,0,0,N,0,1,N,1,0,N,1,1,N,0,0,N,1,1,N,1,1,N
42008002b,0,0,N,1,1,N,0,0,N,0,0,N,0.0,1,N,0,0,N,0,0,N,0.0,0,N,0,0,N,0,0,N,0,0,N,1,0,N,0,1,N,0,0,N,1,1,N,0,0,N,1,1,N,0,0,N
42008012,0,1,N,0,0,N,0,0,N,0,0,N,1.0,1,N,0,0,N,0,0,N,0.0,0,N,0,0,N,0,0,N,1,0,N,1,1,N,0,0,N,0,0,N,1,1,N,0,0,N,0,0,N,0,0,N
42008027,0,0,N,1,1,N,0,0,N,0,0,N,0.0,0,N,1,0,N,0,0,N,0.0,1,N,0,0,N,0,0,N,1,0,N,0,0,N,0,0,N,1,1,N,0,0,N,0,0,N,1,1,N,0,0,N
42008030,0,0,N,0,1,N,0,0,N,0,0,N,1.0,1,N,0,0,N,0,0,N,0.0,0,N,0,0,N,0,0,N,0,0,N,0,0,N,0,1,N,0,0,N,1,1,N,0,0,N,1,1,N,0,0,N
42008035,1,0,N,0,1,N,0,0,N,0,0,N,0.0,0,N,0,0,N,0,0,N,0.0,1,N,0,0,N,0,0,N,0,0,N,0,0,N,0,0,N,0,1,N,1,0,N,0,0,N,1,1,N,1,0,N
42008039a,1,1,N,0,0,N,0,0,N,0,1,N,0.0,0,N,0,0,N,0,0,N,0.0,0,N,0,0,N,0,0,N,0,0,N,1,1,N,0,0,N,0,0,N,1,1,N,0,0,N,0,0,N,0,0,N
42008039b,1,1,N,0,0,N,0,0,N,0,1,N,0.0,0,N,0,0,N,0,0,N,0.0,0,N,0,0,N,0,0,N,0,0,N,1,1,N,0,0,N,0,0,N,1,1,N,0,0,N,1,0,N,0,0,N
42008048,1,1,N,0,0,N,0,0,N,0,0,N,1.0,1,N,0,0,N,0,0,N,0.0,0,N,0,0,N,0,0,N,0,0,N,0,0,N,1,1,N,0,0,N,1,1,N,0,0,N,0,0,N,0,0,N
42008056,1,1,N,0,0,N,0,0,N,0,0,N,0.0,1,N,0,0,N,0,0,N,0.0,0,N,0,0,N,0,0,N,0,0,N,0,1,N,0,0,N,0,0,N,1,1,N,0,0,N,1,1,N,1,1,N
42009008a,0,0,N,1,1,N,0,0,N,0,0,N,1.0,1,N,1,0,N,0,0,N,0.0,0,N,0,0,N,0,0,N,0,0,N,1,1,N,0,0,N,0,0,N,1,1,N,0,0,N,1,1,N,0,0,N
42009008b,0,0,N,0,1,N,0,0,N,0,0,N,0.0,1,N,0,0,N,0,0,N,0.0,0,N,0,0,N,0,0,N,0,0,N,0,0,N,0,1,N,0,0,N,1,1,N,0,0,N,1,1,N,0,0,N
42009010,1,1,N,0,0,N,0,0,N,1,1,N,0.0,0,N,0,0,N,0,0,N,0.0,0,N,0,0,N,0,0,N,0,1,N,1,1,N,0,0,N,0,0,N,1,1,N,0,0,N,1,1,N,0,0,N
42009019,0,0,N,1,1,N,0,0,N,0,0,N,0.0,1,N,0,0,N,0,0,N,0.0,0,N,0,0,N,0,0,N,0,0,N,0,0,N,0,1,N,0,0,N,1,1,N,0,0,N,0,0,N,0,0,N
42009036,1,1,N,0,0,N,0,0,N,0,0,N,0.0,1,N,0,0,N,0,0,N,0.0,0,N,0,0,N,0,0,N,0,0,N,1,1,N,0,0,N,0,0,N,0,1,N,0,0,N,1,1,N,0,0,N
42010013a,1,1,N,0,0,N,0,0,N,0,1,N,0.0,0,N,0,0,N,0,0,N,0.0,0,N,1,1,N,0,0,N,0,0,N,0,1,N,0,0,N,0,0,N,1,1,N,1,1,N,1,1,N,1,1,N
42010013b,0,0,N,0,0,N,1,1,N,0,0,N,0.0,1,N,0,0,N,0,0,N,0.0,0,N,1,1,N,0,0,N,0,0,N,0,1,N,0,0,N,0,0,N,0,1,N,1,1,N,1,0,N,0,0,N
42010019,1,1,N,0,0,N,0,0,N,0,0,N,0.0,1,N,0,0,N,0,0,N,0.0,0,N,0,0,N,0,0,N,0,0,N,0,0,N,0,1,N,0,0,N,1,1,N,0,0,N,0,0,N,0,0,N
42010022,1,1,N,0,0,N,0,0,N,0,0,N,0.0,1,N,0,0,N,0,0,N,0.0,0,N,0,0,N,0,0,N,0,0,N,0,0,N,0,1,N,0,0,N,1,1,N,0,0,N,0,0,N,1,1,N
42010042,1,1,N,0,0,N,0,0,N,0,0,N,0.0,1,N,0,0,N,0,0,N,0.0,0,N,0,0,N,0,0,N,0,0,N,0,0,N,1,1,N,0,0,N,1,1,N,0,0,N,0,0,N,0,0,N
42011020,0,1,N,0,0,N,0,0,N,0,0,N,1.0,1,N,0,0,N,0,0,N,0.0,0,N,0,0,N,0,0,N,0,0,N,0,0,N,1,1,N,0,0,N,1,1,N,1,0,N,0,0,N,0,0,N
42011042,1,1,N,0,0,N,0,0,N,0,0,N,0.0,0,N,0,1,N,0,0,N,0.0,0,N,1,0,N,0,0,N,0,0,N,0,1,N,0,0,N,0,0,N,0,1,N,1,1,N,1,0,N,0,0,N
42012003a,0,1,N,0,0,N,0,0,N,0,0,N,0.0,0,N,0,1,N,0,0,N,0.0,0,N,0,0,N,0,0,N,0,0,N,1,1,N,0,0,N,0,0,N,0,1,N,0,0,N,0,0,N,0,0,N
42012003b,0,1,N,0,0,N,1,0,N,0,0,N,0.0,0,N,0,1,N,0,0,N,0.0,0,N,0,0,N,0,0,N,0,0,N,0,1,N,0,0,N,0,0,N,0,1,N,0,0,N,0,0,N,0,0,N
42012005,1,0,N,0,0,N,0,1,N,0,0,N,1.0,1,N,0,0,N,0,0,N,0.0,0,N,0,0,N,0,0,N,0,0,N,0,1,N,0,0,N,0,0,N,1,1,N,0,0,N,0,0,N,0,0,N
42012039a,0,1,N,0,0,N,0,0,N,0,0,N,0.0,0,N,0,0,N,0,0,N,1.0,1,N,1,1,N,0,0,N,0,0,N,0,0,N,0,0,N,0,1,N,0,0,N,1,1,N,1,0,N,0,0,N
42012039b,0,0,N,0,0,N,0,1,N,0,0,N,0.0,0,N,0,1,N,0,0,N,0.0,0,N,1,1,N,0,0,N,0,0,N,0,0,N,0,0,N,0,1,N,0,0,N,1,1,N,1,0,N,0,0,N
42012039c,1,1,N,0,0,N,0,0,N,0,0,N,0.0,1,N,0,0,N,0,0,N,0.0,0,N,1,1,N,1,1,N,0,0,N,0,1,N,0,0,N,0,0,N,0,1,N,1,1,N,1,0,N,0,0,N
42012051,0,0,N,0,1,N,0,0,N,0,0,N,0.0,1,N,0,0,N,0,0,N,0.0,0,N,0,0,N,0,0,N,0,0,N,0,0,N,0,1,N,0,0,N,1,1,N,0,0,N,0,0,N,0,0,N
42013007a,0,0,N,0,1,N,1,0,N,0,0,N,0.0,0,N,1,1,N,0,0,N,0.0,0,N,0,0,N,0,0,N,0,0,N,0,0,N,0,0,N,1,1,N,0,0,N,0,0,N,1,0,N,0,0,N
42013007c,1,1,N,0,0,N,0,0,N,0,0,N,1.0,0,N,0,0,N,0,0,N,0.0,1,N,0,0,N,1,1,N,0,0,N,1,0,N,0,0,N,1,1,N,0,0,N,0,0,N,0,0,N,0,0,N
42013016,1,1,N,0,0,N,0,0,N,0,0,N,0.0,0,N,0,1,N,0,0,N,0.0,0,N,0,0,N,0,0,N,0,0,N,0,0,N,0,0,N,1,1,N,1,0,N,0,0,N,0,0,N,0,0,N
42013034,1,1,N,0,0,N,0,0,N,0,1,N,0.0,0,N,0,0,N,0,0,N,0.0,0,N,1,1,N,0,0,N,0,0,N,1,0,N,0,1,N,0,0,N,0,1,N,1,1,N,1,0,N,0,0,N
42014022,1,1,N,0,0,N,0,0,N,0,1,N,0.0,0,N,0,0,N,0,0,N,0.0,0,N,0,0,N,0,0,N,0,0,N,0,0,N,0,1,N,0,0,N,1,1,N,0,0,N,1,0,N,1,0,N
42015018,0,0,N,0,0,N,1,1,N,0,0,N,0.0,1,N,0,0,N,0,0,N,0.0,0,N,0,0,N,0,0,N,0,0,N,1,1,N,0,0,N,0,0,N,1,1,N,0,0,N,0,0,N,0,0,N
42015021,0,0,N,0,0,N,1,1,N,0,0,N,0.0,1,N,0,0,N,0,0,N,0.0,0,N,0,0,N,0,0,N,0,0,N,1,1,N,0,0,N,0,0,N,1,1,N,0,0,N,0,0,N,0,0,N
42015024,1,1,N,0,0,N,0,0,N,0,0,N,1.0,1,N,0,0,N,0,0,N,0.0,0,N,0,0,N,0,0,N,0,0,N,0,0,N,0,1,N,0,0,N,1,1,N,0,0,N,1,0,N,1,1,N
42015027,0,0,N,0,1,N,0,0,N,0,0,N,1.0,1,N,0,0,N,0,0,N,0.0,0,N,0,0,N,0,0,N,0,0,N,0,0,N,0,1,N,0,0,N,1,1,N,0,0,N,0,0,N,0,0,N
42015029a,0,0,N,0,0,N,1,1,N,0,0,N,0.0,0,N,1,1,N,0,0,N,0.0,0,N,0,0,N,0,0,N,0,0,N,1,0,N,0,0,N,1,1,N,0,0,N,0,0,N,0,0,N,0,0,N
42015029b,1,0,N,0,0,N,0,1,N,0,0,N,0.0,1,N,0,0,N,0,0,N,0.0,0,N,0,0,N,1,1,N,0,0,N,1,1,N,0,0,N,1,0,N,0,1,N,0,0,N,0,0,N,0,0,N
42015029c,1,1,N,0,0,N,0,0,N,0,0,N,0.0,1,N,0,0,N,0,0,N,0.0,0,N,0,0,N,0,0,N,0,0,N,0,0,N,0,1,N,0,0,N,0,1,N,0,0,N,0,0,N,0,0,N
42015032,1,1,N,0,0,N,0,0,N,0,0,N,1.0,1,N,0,0,N,0,0,N,0.0,0,N,0,0,N,0,0,N,0,0,N,0,0,N,0,1,N,0,0,N,1,1,N,0,0,N,1,0,N,1,1,N
42016011,0,0,N,0,1,N,0,0,N,0,0,N,0.0,0,N,0,0,N,0,0,N,0.0,1,N,0,0,N,1,1,N,0,0,N,1,0,N,0,0,N,0,1,N,0,0,N,1,1,N,0,0,N,0,0,N
42016012,0,0,N,0,1,N,1,0,N,0,0,N,0.0,0,N,0,0,N,0,0,N,0.0,1,N,0,0,N,1,1,N,0,0,N,1,0,N,0,0,N,0,1,N,0,0,N,1,1,N,1,0,N,0,0,N
42017010a,0,1,N,0,0,N,0,0,N,0,1,N,0.0,0,N,0,0,N,0,0,N,0.0,0,N,0,0,N,0,0,N,0,0,N,1,1,N,0,0,N,0,0,N,1,1,N,0,1,N,0,0,N,0,0,N
42017010b,0,1,N,0,0,N,0,0,N,0,0,N,0.0,1,N,0,0,N,0,0,N,0.0,0,N,0,0,N,0,0,N,1,0,N,0,1,N,0,0,N,0,0,N,0,1,N,0,0,N,0,0,N,1,1,N
42017010c,0,1,N,0,0,N,0,0,N,0,1,N,0.0,0,N,0,0,N,0,0,N,0.0,0,N,0,0,N,0,0,N,0,0,N,0,1,N,0,0,N,0,0,N,1,1,N,0,0,N,0,0,N,0,0,N
42017010d,0,1,N,0,0,N,0,0,N,0,1,N,0.0,0,N,0,0,N,0,0,N,0.0,0,N,0,0,N,0,0,N,0,0,N,1,1,N,0,0,N,0,0,N,0,1,N,0,1,N,1,0,N,0,0,N
42017019,1,1,N,0,0,N,0,0,N,0,0,N,1.0,1,N,0,0,N,0,0,N,0.0,0,N,0,0,N,0,0,N,0,0,N,0,0,N,1,1,N,0,0,N,1,1,N,0,0,N,0,0,N,0,0,N
42018021,1,1,N,0,0,N,0,0,N,0,0,N,0.0,0,N,0,1,N,0,0,N,0.0,0,N,0,0,N,0,0,N,0,0,N,1,0,N,0,0,N,1,1,N,0,0,N,0,0,N,0,0,N,0,0,N
42018028,1,1,N,0,0,N,0,0,N,0,0,N,1.0,1,N,0,0,N,0,0,N,0.0,0,N,0,0,N,0,0,N,0,0,N,0,0,N,0,1,N,0,0,N,1,1,N,0,0,N,0,0,N,0,0,N
42018029,1,1,N,0,0,N,0,0,N,0,0,N,1.0,1,N,0,0,N,0,0,N,0.0,0,N,0,0,N,1,1,N,0,0,N,0,0,N,0,1,N,0,0,N,1,1,N,0,0,N,0,0,N,0,0,N
42018042,1,1,N,0,0,N,0,0,N,0,0,N,1.0,1,N,0,0,N,0,0,N,0.0,0,N,0,0,N,0,0,N,0,0,N,0,0,N,1,1,N,0,0,N,1,1,N,0,0,N,0,0,N,0,0,N
42019008,1,1,N,0,0,N,0,0,N,0,0,N,0.0,1,N,0,0,N,0,0,N,0.0,0,N,0,1,N,0,0,N,0,0,N,1,1,N,0,0,N,0,0,N,1,1,N,1,1,N,0,0,N,0,0,N
42019009,0,0,N,0,1,N,0,0,N,0,0,N,1.0,1,N,0,0,N,0,0,N,0.0,0,N,0,0,N,0,0,N,1,0,N,0,0,N,0,1,N,0,0,N,1,1,N,0,0,N,0,0,N,0,0,N
42019015,1,1,N,0,0,N,0,0,N,0,1,N,0.0,0,N,0,0,N,0,0,N,0.0,0,N,0,0,N,0,0,N,0,0,N,0,0,N,0,1,N,0,0,N,1,1,N,0,0,N,1,0,N,0,0,N
42019016,1,1,N,0,0,N,0,0,N,1,1,N,1.0,0,N,0,0,N,0,0,N,0.0,0,N,0,0,N,0,0,N,0,0,N,0,0,N,1,1,N,0,0,N,1,1,N,0,0,N,0,0,N,0,0,N
42019018,1,1,N,0,0,N,0,0,N,0,1,N,0.0,0,N,0,0,N,0,0,N,0.0,0,N,0,0,N,0,0,N,0,0,N,0,0,N,1,1,N,0,0,N,1,1,N,0,0,N,0,0,N,0,0,N
42019030,0,1,N,0,0,N,0,0,N,0,0,N,0.0,0,N,0,1,N,0,0,N,0.0,0,N,0,0,N,0,1,N,0,0,N,1,1,N,0,0,N,0,0,N,0,1,N,0,0,N,0,0,N,0,0,N
42019037,1,1,N,0,0,N,0,0,N,0,0,N,0.0,1,N,0,0,N,0,0,N,0.0,0,N,0,0,N,0,0,N,0,0,N,1,1,N,0,0,N,0,0,N,0,1,N,0,0,N,1,1,N,0,0,N
42019046,1,1,N,0,0,N,0,0,N,0,0,N,0.0,1,N,0,0,N,0,0,N,0.0,0,N,0,0,N,0,0,N,0,0,N,0,0,N,0,1,N,0,0,N,1,1,N,0,0,N,0,0,N,0,0,N
42020039,1,1,N,0,0,N,1,0,N,0,1,N,0.0,0,N,0,0,N,0,0,N,0.0,0,N,0,0,N,0,0,N,0,0,N,1,1,N,0,0,N,0,0,N,1,1,N,0,0,N,0,0,N,0,0,N
42022015,0,1,N,0,0,N,0,0,N,0,0,N,0.0,0,N,0,0,N,0,0,N,0.0,1,N,0,0,N,0,0,N,0,0,N,1,0,N,0,0,N,0,1,N,0,0,N,0,0,N,0,0,N,0,0,N
42022017,0,1,N,0,0,N,0,0,N,0,1,N,0.0,0,N,0,0,N,0,0,N,0.0,0,N,0,0,N,0,0,N,1,0,N,0,1,N,0,0,N,0,0,N,1,1,N,0,0,N,1,1,N,0,0,N
42022022,1,1,N,0,0,N,0,0,N,0,0,N,0.0,1,N,0,0,N,0,0,N,0.0,0,N,0,0,N,0,0,N,0,0,N,0,0,N,0,1,N,0,0,N,1,1,N,0,0,N,0,0,N,1,1,N
42022028,0,0,N,0,0,N,0,1,N,0,0,N,0.0,0,N,1,1,N,0,0,N,0.0,0,N,0,0,N,0,0,N,0,0,N,0,0,N,0,0,N,1,1,N,0,0,N,0,0,N,0,0,N,0,0,N
42022032,1,0,N,0,0,N,0,1,N,0,0,N,0.0,1,N,0,0,N,0,0,N,0.0,0,N,0,0,N,0,0,N,0,0,N,0,0,N,0,1,N,0,0,N,1,1,N,0,1,N,0,0,N,0,0,N
42022071,1,1,N,0,0,N,0,0,N,0,0,N,1.0,1,N,0,0,N,0,0,N,0.0,0,N,0,0,N,0,0,N,0,0,N,1,1,N,0,0,N,0,0,N,0,1,N,0,0,N,0,0,N,0,0,N
42023008,1,1,N,0,0,N,0,0,N,0,0,N,0.0,0,N,0,0,N,0,0,N,0.0,1,N,0,0,N,0,0,N,0,0,N,1,0,N,0,0,N,1,1,N,0,1,N,0,0,N,1,1,N,0,0,N
42023014,1,1,N,0,0,N,0,0,N,0,1,N,0.0,0,N,0,0,N,0,0,N,0.0,0,N,0,0,N,1,1,N,0,0,N,1,1,N,0,0,N,0,0,N,0,1,N,0,0,N,0,0,N,0,0,N
42023015,0,1,N,0,0,N,1,0,N,0,1,N,0.0,0,N,0,0,N,0,0,N,0.0,0,N,0,0,N,1,1,N,0,0,N,1,1,N,0,0,N,0,0,N,0,1,N,0,0,N,0,0,N,0,0,N
42023022a,1,1,N,0,0,N,0,0,N,0,1,N,0.0,0,N,0,0,N,0,0,N,0.0,0,N,0,0,N,0,0,N,0,0,N,1,1,N,0,0,N,0,0,N,1,1,N,0,0,N,0,0,N,0,0,N
42023022b,0,1,N,0,0,N,0,0,N,0,0,N,1.0,1,N,0,0,N,0,0,N,0.0,0,N,0,0,N,1,1,N,0,0,N,1,1,N,0,0,N,0,0,N,1,1,N,0,0,N,0,0,N,0,0,N
42023041,1,1,N,0,0,N,1,0,N,0,1,N,0.0,0,N,0,0,N,0,0,N,0.0,0,N,0,0,N,1,1,N,0,0,N,1,1,N,0,0,N,0,0,N,0,1,N,0,0,N,0,0,N,0,0,N
42024001,1,1,N,0,0,N,0,0,N,0,1,N,0.0,0,N,0,0,N,0,0,N,0.0,0,N,0,0,N,0,0,N,0,0,N,0,0,N,0,1,N,0,0,N,1,1,N,0,0,N,1,1,N,0,0,N
42024004,0,0,N,1,1,N,0,0,N,0,0,N,1.0,1,N,0,0,N,0,0,N,0.0,0,N,0,0,N,0,0,N,0,0,N,0,1,N,0,0,N,0,0,N,1,1,N,0,0,N,1,1,N,0,0,N
42024006,0,0,N,1,1,N,0,0,N,0,0,N,1.0,1,N,0,0,N,0,0,N,0.0,0,N,0,0,N,0,0,N,0,0,N,0,0,N,1,1,N,0,0,N,1,1,N,0,0,N,0,0,N,0,0,N
42024018,0,0,N,1,1,N,0,0,N,0,0,N,1.0,1,N,0,0,N,0,0,N,0.0,0,N,0,0,N,0,0,N,1,0,N,0,1,N,0,0,N,0,0,N,1,1,N,0,0,N,0,0,N,0,0,N
42024023,1,1,N,0,0,N,0,0,N,0,1,N,1.0,0,N,0,0,N,0,0,N,0.0,0,N,0,0,N,0,0,N,0,0,N,1,1,N,0,0,N,0,0,N,1,1,N,0,0,N,1,1,N,0,0,N
42024025,0,1,N,0,0,N,1,0,N,0,1,N,0.0,0,N,0,0,N,0,0,N,0.0,0,N,0,0,N,0,0,N,0,0,N,0,1,N,0,0,N,0,0,N,0,1,N,0,0,N,0,0,N,0,0,N
42024030,0,0,N,0,1,N,1,0,N,0,0,N,0.0,1,N,0,0,N,0,0,N,0.0,0,N,0,0,N,0,0,N,1,0,N,0,0,N,1,1,N,0,0,N,1,1,N,0,0,N,1,1,N,0,0,N
42024034,0,0,N,1,1,N,0,0,N,0,0,N,1.0,1,N,0,0,N,0,0,N,0.0,0,N,0,0,N,0,0,N,0,0,N,0,0,N,0,1,N,0,0,N,1,1,N,0,0,N,0,0,N,0,0,N
43001018,1,1,N,0,0,N,0,0,N,0,0,N,0.0,1,N,0,0,N,0,0,N,0.0,0,N,0,0,N,0,1,N,0,0,N,1,1,N,0,0,N,1,0,N,0,1,N,0,0,N,0,0,N,0,0,N
43001034a,1,1,N,0,0,N,0,0,N,0,0,N,0.0,1,N,0,0,N,0,0,N,0.0,0,N,0,0,N,0,0,N,0,0,N,1,1,N,0,0,N,0,0,N,0,1,N,0,0,N,0,0,N,0,0,N
43001034b,0,1,N,0,0,N,0,0,N,0,0,N,0.0,1,N,0,0,N,0,0,N,0.0,0,N,0,0,N,0,0,N,0,0,N,1,1,N,0,0,N,0,0,N,0,1,N,0,0,N,0,0,N,0,0,N
43001041,1,1,N,0,0,N,0,0,N,0,0,N,1.0,1,N,0,0,N,0,0,N,0.0,0,N,0,0,N,0,0,N,0,0,N,1,0,N,0,1,N,0,0,N,1,1,N,0,0,N,0,0,N,0,0,N
43001045,1,1,N,0,0,N,0,0,N,0,0,N,1.0,1,N,0,0,N,0,0,N,0.0,0,N,0,0,N,0,0,N,0,0,N,0,0,N,0,1,N,0,0,N,1,1,N,0,0,N,0,0,N,0,0,N
43002004,0,0,N,1,1,N,0,0,N,0,0,N,1.0,0,N,0,0,N,0,0,N,0.0,1,N,0,0,N,1,1,N,0,0,N,0,0,N,0,0,N,0,1,N,0,0,N,0,0,N,0,0,N,0,0,N
43002010a,0,1,N,0,0,N,0,0,N,0,1,N,0.0,0,N,0,0,N,0,0,N,0.0,0,N,0,0,N,0,0,N,1,0,N,1,0,N,0,1,N,0,0,N,1,1,N,0,0,N,0,0,N,0,0,N
43002010b,1,1,N,0,0,N,0,0,N,0,0,N,0.0,0,N,0,1,N,0,0,N,0.0,0,N,0,0,N,0,0,N,1,0,N,0,0,N,0,0,N,1,1,N,0,0,N,0,0,N,0,0,N,0,0,N
43003011,1,1,N,0,0,N,0,0,N,0,0,N,0.0,0,N,0,1,N,0,0,N,0.0,0,N,0,0,N,0,0,N,0,0,N,1,1,N,0,0,N,0,0,N,0,1,N,0,0,N,0,0,N,0,0,N
43003013,0,0,N,1,1,N,0,0,N,0,1,N,1.0,0,N,0,0,N,0,0,N,0.0,0,N,0,0,N,0,1,N,0,0,N,1,0,N,0,1,N,0,0,N,1,1,N,0,0,N,0,0,N,0,0,N
43003018a,0,1,N,0,0,N,0,0,N,0,0,N,0.0,1,N,0,0,N,0,0,N,0.0,0,N,0,0,N,0,0,N,0,0,N,0,0,N,0,1,N,1,0,N,1,1,N,0,0,N,1,0,N,1,1,N
43003018b,0,1,N,0,0,N,0,0,N,0,0,N,0.0,0,N,0,0,N,0,0,N,0.0,1,N,0,0,N,1,1,N,0,0,N,1,0,N,0,0,N,0,1,N,0,0,N,0,0,N,0,0,N,0,0,N
43003019,0,0,N,0,1,N,0,0,N,0,0,N,1.0,1,N,0,0,N,0,0,N,0.0,0,N,0,0,N,0,0,N,0,0,N,0,0,N,0,1,N,0,0,N,1,1,N,0,0,N,0,0,N,0,0,N
43003024,1,1,N,0,0,N,0,0,N,0,0,N,1.0,1,N,0,0,N,0,0,N,0.0,0,N,0,0,N,1,1,N,0,0,N,0,0,N,0,0,N,0,1,N,0,0,N,0,0,N,1,1,N,1,1,N
43003028,1,1,N,0,0,N,0,0,N,0,0,N,0.0,1,N,0,0,N,0,0,N,0.0,0,N,0,0,N,0,0,N,0,0,N,0,0,N,0,1,N,0,0,N,1,1,N,0,0,N,1,0,N,1,1,N
43003032a,1,1,N,0,0,N,0,0,N,0,0,N,0.0,0,N,0,1,N,0,0,N,0.0,0,N,0,0,N,0,0,N,0,0,N,1,1,N,0,0,N,0,0,N,0,1,N,0,0,N,0,0,N,0,0,N
43003032b,0,1,N,0,0,N,0,0,N,0,0,N,1.0,0,N,0,1,N,0,0,N,0.0,0,N,0,0,N,0,0,N,0,0,N,1,1,N,0,0,N,0,0,N,1,1,N,0,0,N,0,0,N,0,0,N
43003034,0,1,N,0,0,N,0,0,N,0,0,N,0.0,1,N,0,0,N,0,0,N,0.0,0,N,0,0,N,0,0,N,0,0,N,0,0,N,0,1,N,0,0,N,1,1,N,0,0,N,0,0,N,0,0,N
43003035,1,1,N,0,0,N,0,0,N,0,0,N,0.0,1,N,0,0,N,0,0,N,0.0,0,N,0,0,N,0,0,N,0,0,N,0,0,N,0,1,N,0,0,N,1,1,N,0,0,N,0,0,N,0,0,N
43004001,1,1,N,0,0,N,0,0,N,0,0,N,1.0,1,N,0,0,N,0,0,N,0.0,0,N,0,0,N,0,0,N,0,0,N,1,1,N,0,0,N,0,0,N,1,1,N,0,0,N,1,1,N,0,0,N
43004010,1,1,N,0,0,N,0,0,N,0,0,N,0.0,1,N,0,0,N,0,0,N,0.0,0,N,1,1,N,0,0,N,0,0,N,0,1,N,0,0,N,0,0,N,0,1,N,1,1,N,1,0,N,0,0,N
43004018,1,1,N,0,0,N,0,0,N,0,0,N,0.0,0,N,0,0,N,0,0,N,0.0,1,N,0,0,N,0,0,N,0,0,N,1,1,N,0,0,N,0,0,N,0,1,N,0,0,N,1,0,N,0,0,N
43004029,1,1,N,0,0,N,0,0,N,0,1,N,0.0,0,N,0,0,N,0,0,N,0.0,0,N,0,0,N,0,0,N,0,0,N,1,1,N,0,0,N,0,0,N,0,1,N,0,0,N,0,0,N,0,0,N
43004039,0,1,N,0,0,N,0,0,N,0,1,N,0.0,0,N,0,0,N,0,0,N,,0,N,0,0,N,0,0,N,0,0,N,1,1,N,0,0,N,0,0,N,0,1,N,0,0,N,0,0,N,0,0,N
43005006,0,0,N,1,1,N,0,0,N,0,0,N,0.0,0,N,1,0,N,0,0,N,0.0,1,N,0,0,N,0,0,N,1,0,N,0,0,N,0,0,N,1,1,N,0,0,N,0,0,N,1,1,N,0,0,N
43005022,1,1,N,0,0,N,0,0,N,0,0,N,0.0,1,N,0,0,N,0,0,N,0.0,0,N,0,0,N,0,0,N,0,0,N,0,0,N,0,1,N,0,0,N,1,1,N,0,0,N,0,0,N,0,0,N
43005024,0,0,N,1,1,N,0,0,N,0,0,N,1.0,1,N,0,0,N,0,0,N,0.0,0,N,0,0,N,0,0,N,0,0,N,0,0,N,1,1,N,0,0,N,1,1,N,0,0,N,0,0,N,0,0,N
43005033,1,1,N,0,0,N,0,0,N,0,0,N,0.0,1,N,0,0,N,0,0,N,0.0,0,N,0,0,N,0,0,N,0,0,N,1,1,N,0,0,N,0,0,N,1,1,N,0,0,N,0,0,N,0,0,N
43005036,1,1,N,0,0,N,0,0,N,0,0,N,0.0,1,N,0,0,N,0,0,N,0.0,0,N,0,0,N,0,0,N,0,0,N,0,0,N,0,1,N,0,0,N,1,1,N,0,0,N,0,0,N,0,0,N
43005037a,1,1,N,0,0,N,0,0,N,0,0,N,1.0,1,N,0,0,N,0,0,N,0.0,0,N,0,0,N,1,1,N,0,0,N,1,1,N,0,0,N,1,0,N,0,1,N,0,0,N,0,0,N,0,0,N
43005037b,1,1,N,0,0,N,0,0,N,0,0,N,1.0,1,N,0,0,N,0,0,N,0.0,0,N,0,0,N,0,1,N,0,0,N,1,1,N,0,0,N,1,0,N,0,1,N,0,0,N,0,0,N,0,0,N
43005038,1,1,N,0,0,N,0,0,N,0,0,N,0.0,1,N,0,0,N,0,0,N,,0,N,0,0,N,0,0,N,0,0,N,0,0,N,0,1,N,0,0,N,1,1,N,0,0,N,0,0,N,0,0,N
43005045,1,1,N,0,0,N,0,0,N,0,0,N,0.0,1,N,0,0,N,0,0,N,0.0,0,N,0,0,N,0,0,N,0,0,N,0,0,N,0,1,N,0,0,N,0,1,N,0,0,N,0,0,N,0,0,N
43006013,0,0,N,0,0,N,1,1,N,0,1,N,0.0,0,N,0,0,N,0,0,N,0.0,0,N,0,0,N,0,0,N,0,0,N,0,1,N,0,0,N,0,0,N,1,1,N,0,0,N,1,1,N,0,0,N
43006017,0,0,N,1,1,N,0,0,N,0,0,N,1.0,0,N,0,0,N,0,0,N,0.0,1,N,0,0,N,1,1,N,0,0,N,1,0,N,0,0,N,0,1,N,0,0,N,0,0,N,1,1,N,0,0,N
43006027,1,1,N,0,0,N,0,0,N,0,0,N,0.0,1,N,0,0,N,0,0,N,0.0,0,N,0,0,N,0,0,N,0,0,N,0,0,N,0,1,N,0,0,N,1,1,N,0,0,N,0,0,N,0,0,N
43006029,1,1,N,0,0,N,0,0,N,0,0,N,0.0,1,N,0,0,N,0,0,N,0.0,0,N,0,0,N,0,0,N,0,0,N,0,0,N,0,1,N,0,0,N,1,1,N,0,0,N,0,0,N,0,0,N
43006036,1,1,N,0,0,N,0,0,N,0,0,N,0.0,1,N,0,0,N,0,0,N,0.0,0,N,0,0,N,0,0,N,0,0,N,1,1,N,0,0,N,0,0,N,0,1,N,0,0,N,0,0,N,0,0,N
43006039,1,1,N,0,0,N,0,0,N,0,0,N,0.0,1,N,0,0,N,0,0,N,0.0,0,N,0,0,N,0,0,N,0,0,N,0,0,N,0,1,N,0,0,N,1,1,N,0,0,N,0,0,N,0,0,N
43006045,0,0,N,0,0,N,0,1,N,1,1,N,0.0,0,N,0,0,N,0,0,N,0.0,0,N,0,0,N,0,0,N,0,0,N,0,0,N,0,1,N,0,0,N,1,1,N,0,0,N,0,0,N,0,0,N
43006046a,0,1,N,0,0,N,0,0,N,0,0,N,0.0,1,N,0,0,N,0,0,N,0.0,0,N,0,0,N,1,1,N,0,0,N,1,1,N,0,0,N,0,0,N,0,1,N,0,0,N,0,0,N,0,0,N
43006046b,1,1,N,0,0,N,0,0,N,0,0,N,0.0,1,N,0,0,N,0,0,N,0.0,0,N,0,0,N,0,0,N,0,0,N,1,1,N,0,0,N,0,0,N,0,1,N,0,0,N,0,0,N,0,0,N
43007008,0,0,N,1,1,N,0,0,N,0,0,N,1.0,0,N,0,0,N,0,0,N,0.0,1,N,0,0,N,1,1,N,0,0,N,0,0,N,0,0,N,0,1,N,0,0,N,0,0,N,0,0,N,0,0,N
43007015,0,1,N,0,0,N,0,0,N,0,1,N,0.0,0,N,0,0,N,0,0,N,1.0,0,N,0,0,N,1,1,N,0,0,N,1,1,N,0,0,N,1,0,N,0,1,N,0,0,N,0,0,N,0,0,N
43007030,0,0,N,1,1,N,0,0,N,0,0,N,1.0,0,N,0,0,N,0,0,N,0.0,1,N,0,0,N,1,1,N,0,0,N,0,0,N,0,0,N,0,1,N,0,0,N,0,0,N,1,0,N,0,0,N
43007031,0,1,N,0,0,N,0,0,N,0,1,N,0.0,0,N,0,0,N,0,0,N,0.0,0,N,0,0,N,0,0,N,0,0,N,1,1,N,0,0,N,0,0,N,1,1,N,0,0,N,0,0,N,0,0,N
43007046,1,0,N,0,0,N,1,1,N,0,1,N,0.0,0,N,0,0,N,0,0,N,0.0,0,N,0,0,N,0,1,N,0,0,N,1,1,N,0,0,N,0,0,N,1,1,N,0,0,N,0,0,N,0,0,N
43007051,1,1,N,0,0,N,0,0,N,0,1,N,0.0,0,N,0,0,N,0,0,N,0.0,0,N,0,0,N,0,0,N,0,0,N,1,1,N,0,0,N,0,0,N,1,1,N,0,0,N,0,0,N,0,0,N
43008020,0,0,N,1,1,N,0,0,N,0,0,N,1.0,0,N,0,0,N,0,0,N,0.0,1,N,0,0,N,1,1,N,0,0,N,0,0,N,0,0,N,0,1,N,0,0,N,0,0,N,0,0,N,0,0,N
43008025,0,1,N,0,0,N,0,0,N,0,0,N,0.0,0,N,1,1,N,0,0,N,0.0,0,N,0,0,N,0,0,N,0,0,N,0,0,N,0,0,N,0,1,N,0,0,N,0,0,N,1,0,N,0,0,N
43008028,1,1,N,0,0,N,0,0,N,0,1,N,0.0,0,N,0,0,N,0,0,N,0.0,0,N,0,0,N,0,0,N,1,0,N,0,0,N,0,1,N,0,0,N,1,1,N,1,1,N,0,0,N,0,0,N
43008029,1,1,N,0,0,N,0,0,N,0,0,N,0.0,0,N,0,0,N,0,0,N,0.0,1,N,0,0,N,1,1,N,0,0,N,1,0,N,0,0,N,1,1,N,0,0,N,0,0,N,0,0,N,0,0,N
43008033,0,0,N,0,1,N,0,0,N,0,0,N,0.0,0,N,0,0,N,0,0,N,0.0,1,N,0,0,N,1,1,N,0,0,N,1,1,N,0,0,N,1,0,N,0,1,N,0,0,N,0,0,N,0,0,N
43008038a,1,1,N,0,0,N,0,0,N,0,0,N,0.0,0,N,0,1,N,0,0,N,0.0,0,N,0,0,N,0,0,N,1,0,N,1,1,N,0,0,N,0,0,N,0,1,N,0,0,N,0,0,N,0,0,N
43008038b,1,1,N,0,0,N,0,0,N,0,0,N,1.0,0,N,0,1,N,0,0,N,0.0,0,N,0,0,N,0,0,N,1,0,N,1,1,N,0,0,N,0,0,N,1,1,N,0,0,N,0,0,N,0,0,N
43008042,0,0,N,0,1,N,0,0,N,0,0,N,1.0,0,N,0,0,N,0,0,N,0.0,1,N,0,0,N,1,1,N,0,0,N,1,0,N,0,0,N,0,1,N,0,0,N,0,0,N,0,0,N,0,0,N
43008057,1,1,N,0,0,N,0,0,N,0,0,N,0.0,1,N,0,0,N,0,0,N,0.0,0,N,0,0,N,0,0,N,0,0,N,1,1,N,0,0,N,0,0,N,0,1,N,0,0,N,0,0,N,0,0,N
43009018a,0,0,N,1,1,N,0,0,N,0,0,N,0.0,0,N,0,0,N,0,0,N,0.0,1,N,0,0,N,0,0,N,1,0,N,0,0,N,0,0,N,1,1,N,0,0,N,0,0,N,1,1,N,0,0,N
43009018b,1,1,N,0,0,N,0,0,N,0,0,N,1.0,1,N,0,0,N,0,0,N,0.0,0,N,0,0,N,0,0,N,1,0,N,0,0,N,0,1,N,0,0,N,1,1,N,0,0,N,1,1,N,0,0,N
43009022,0,0,N,0,0,N,0,1,N,0,0,N,0.0,1,N,0,0,N,0,0,N,0.0,0,N,0,0,N,0,0,N,0,0,N,0,0,N,0,1,N,0,0,N,1,1,N,1,0,N,1,1,N,0,0,N
43010018,1,1,N,0,0,N,0,0,N,0,0,N,1.0,1,N,0,0,N,0,0,N,0.0,0,N,0,0,N,0,0,N,0,0,N,1,0,N,1,1,N,0,0,N,1,1,N,0,0,N,0,1,N,0,0,N
43010029,1,1,N,0,0,N,0,0,N,0,0,N,0.0,1,N,0,0,N,0,0,N,0.0,0,N,0,0,N,0,0,N,0,0,N,0,0,N,0,1,N,0,0,N,1,1,N,0,0,N,0,0,N,0,0,N
43010032,1,1,N,0,0,N,0,0,N,0,1,N,0.0,0,N,0,0,N,0,0,N,0.0,0,N,0,0,N,0,0,N,0,0,N,1,1,N,0,0,N,0,0,N,0,1,N,0,0,N,0,0,N,0,0,N
43011011,0,0,N,0,1,N,0,0,N,0,0,N,1.0,1,N,0,0,N,0,0,N,0.0,0,N,0,0,N,0,0,N,1,0,N,0,0,N,1,1,N,0,0,N,1,1,N,0,0,N,0,0,N,0,0,N
43011012,0,0,N,0,1,N,1,0,N,0,0,N,1.0,1,N,0,0,N,0,0,N,0.0,0,N,0,0,N,0,0,N,0,0,N,0,0,N,0,1,N,0,0,N,1,1,N,1,0,N,0,0,N,0,0,N
43011017,0,0,N,1,1,N,0,0,N,0,0,N,0.0,0,N,0,0,N,0,0,N,0.0,1,N,0,0,N,0,0,N,1,1,N,0,0,N,0,0,N,1,1,N,0,0,N,0,0,N,1,1,N,0,0,N
43011021a,0,0,N,1,1,N,0,0,N,0,0,N,0.0,0,N,0,0,N,0,0,N,0.0,1,N,1,1,N,0,0,N,0,0,N,0,0,N,0,0,N,1,1,N,0,0,N,1,1,N,1,1,N,0,0,N
43011021b,0,0,N,1,1,N,0,0,N,0,0,N,1.0,1,N,0,0,N,0,0,N,0.0,0,N,1,1,N,1,0,N,0,0,N,0,0,N,0,1,N,0,0,N,0,1,N,1,1,N,1,0,N,0,0,N
43011032a,0,0,N,1,1,N,0,0,N,0,0,N,0.0,0,N,0,0,N,0,0,N,0.0,1,N,1,1,N,0,0,N,1,0,N,0,0,N,0,0,N,0,1,N,0,0,N,1,1,N,1,1,N,0,0,N
43011032b,0,0,N,1,1,N,0,0,N,0,0,N,1.0,1,N,0,0,N,0,0,N,0.0,0,N,1,1,N,1,0,N,1,0,N,0,0,N,0,1,N,0,0,N,1,1,N,1,1,N,1,0,N,0,0,N
43011034,1,1,N,0,0,N,0,0,N,0,1,N,0.0,0,N,0,0,N,0,0,N,0.0,0,N,0,0,N,0,0,N,0,0,N,1,0,N,0,1,N,0,0,N,1,1,N,0,0,N,0,0,N,0,0,N
43011037,0,1,N,0,0,N,0,0,N,0,0,N,0.0,1,N,0,0,N,0,0,N,0.0,0,N,1,0,N,0,0,N,0,0,N,0,0,N,0,1,N,0,0,N,1,1,N,1,1,N,1,0,N,0,0,N
43011039a,0,0,N,1,1,N,0,0,N,1,1,N,0.0,0,N,0,0,N,0,0,N,0.0,0,N,0,0,N,0,0,N,1,0,N,0,0,N,0,1,N,0,0,N,1,1,N,0,0,N,0,0,N,0,0,N
43011039b,0,0,N,1,1,N,0,0,N,0,0,N,0.0,0,N,0,0,N,0,0,N,0.0,1,N,0,0,N,0,0,N,1,0,N,0,0,N,0,0,N,1,1,N,0,0,N,0,0,N,0,0,N,0,0,N
43011046,1,1,N,0,0,N,0,0,N,0,1,N,0.0,0,N,0,0,N,0,0,N,0.0,0,N,0,0,N,0,0,N,0,0,N,0,1,N,0,0,N,0,0,N,1,1,N,0,0,N,1,1,N,0,0,N
