TokenID,language,paradigm,mode,gold,pred,correct,DtExp,DtRes,DtUniv,DtDTAM,TLTS,TLAspPfv,TLMdIrr,ClNegPol,ClCntfcl,VcPass,ASTrns,ASUnrg,ASUncc,AktState,AktAct,AktAcc,AktAch
41009021,eng,participle,binary,0,1,False,0,0,1,0,0,0,0,0,0,0,0,1,0,0,1,0,0
42007022b,eng,participle,binary,0,1,False,1,0,0,0,0,1,0,0,0,0,1,0,0,0,0,0,1
43006027,eng,participle,binary,0,1,False,0,1,0,0,0,1,0,0,0,0,1,0,0,0,0,0,1
43015024a,eng,present_past_infinitive_modal,multiclass_required,past,present,False,0,0,0,0,1,1,1,1,1,0,1,0,0,0,0,1,0
43004018,eng,present_past_infinitive_modal,multiclass_required,present,past,False,1,0,0,0,1,1,0,0,0,0,1,0,0,1,0,0,0
42023008,eng,present_past_infinitive_modal,multiclass_required,past,present,False,0,0,1,0,1,0,0,0,0,0,1,0,0,1,0,0,0
40003002,eng,present_past_infinitive_modal,multiclass_required,past,present,False,0,1,0,0,0,1,0,0,0,0,0,0,1,0,0,1,0
40024043b,eng,can_could_may_might_must_ought_to_shall_should_will_would,multiclass_optional,would,0,False,0,0,0,0,1,0,1,0,1,0,0,1,0,0,1,0,0
43011032a,eng,can_could_may_might_must_ought_to_shall_should_will_would,multiclass_optional,0,would,False,0,0,0,0,1,0,1,1,1,0,0,0,1,1,0,0,0
43015022a,eng,can_could_may_might_must_ought_to_shall_should_will_would,multiclass_optional,0,would,False,0,0,0,0,1,1,1,1,1,0,0,0,1,0,0,0,1
43015024a,eng,can_could_may_might_must_ought_to_shall_should_will_would,multiclass_optional,0,would,False,0,0,0,0,1,1,1,1,1,0,1,0,0,0,0,1,0
42012039b,eng,can_could_may_might_must_ought_to_shall_should_will_would,multiclass_optional,would,0,False,0,0,0,0,1,1,1,0,1,0,0,1,0,0,1,0,0
44024019,eng,can_could_may_might_must_ought_to_shall_should_will_would,multiclass_optional,should,0,False,0,0,0,0,1,0,1,0,1,0,0,0,1,1,0,0,0
40018013a,eng,can_could_may_might_must_ought_to_shall_should_will_would,multiclass_optional,would,might,False,0,0,0,0,1,1,1,0,1,1,1,0,0,0,0,0,1
44027021,eng,can_could_may_might_must_ought_to_shall_should_will_would,multiclass_optional,should,would,False,0,0,0,0,1,1,1,1,1,0,0,0,1,0,0,0,1
44026032b,eng,can_could_may_might_must_ought_to_shall_should_will_would,multiclass_optional,0,would,False,0,0,0,0,1,1,1,1,1,0,0,1,0,0,0,0,1
41014005b,eng,can_could_may_might_must_ought_to_shall_should_will_would,multiclass_optional,could,might,False,0,0,0,0,1,1,1,0,1,1,1,0,0,0,0,0,1
40011023b,eng,can_could_may_might_must_ought_to_shall_should_will_would,multiclass_optional,would,0,False,0,0,0,0,1,0,1,0,1,0,0,0,1,1,0,0,0
40011021b,eng,can_could_may_might_must_ought_to_shall_should_will_would,multiclass_optional,would,0,False,0,0,0,0,1,1,1,0,1,0,0,1,0,0,1,0,0
44005026,eng,can_could_may_might_must_ought_to_shall_should_will_would,multiclass_optional,should,might,False,0,0,0,0,1,1,1,0,1,1,1,0,0,0,0,0,1
43004010,eng,can_could_may_might_must_ought_to_shall_should_will_would,multiclass_optional,would,should,False,0,0,0,0,1,1,1,0,1,0,1,0,0,0,0,0,1
40024043b,deu,partizip,binary,0,1,False,0,0,0,0,1,0,1,0,1,0,0,1,0,0,1,0,0
43002010b,deu,partizip,binary,1,0,False,0,0,1,0,0,0,0,0,0,0,1,0,0,0,1,0,0
41010020,deu,partizip,binary,1,0,False,0,0,1,0,0,0,0,0,0,0,1,0,0,0,1,0,0
41016010,deu,partizip,binary,1,0,False,0,0,1,0,1,0,0,0,0,0,0,0,1,1,0,0,0
42004035,deu,partizip,binary,0,1,False,0,1,0,0,1,1,0,0,0,0,1,0,0,0,0,0,1
43011032a,deu,partizip,binary,1,0,False,0,0,0,0,1,0,1,1,1,0,0,0,1,1,0,0,0
43015024a,deu,partizip,binary,1,0,False,0,0,0,0,1,1,1,1,1,0,1,0,0,0,0,1,0
42001036,deu,partizip,binary,0,1,False,0,1,0,0,0,1,0,0,0,0,1,0,0,0,0,0,1
43011021a,deu,partizip,binary,1,0,False,0,0,0,0,1,0,1,0,1,0,0,0,1,1,0,0,0
43003018b,deu,partizip,binary,1,0,False,0,0,1,0,0,0,0,1,0,0,0,0,1,1,0,0,0
44002030,deu,partizip,binary,1,0,False,1,0,0,0,1,1,0,0,0,0,0,1,0,0,0,0,1
43020012,deu,partizip,binary,1,0,False,0,0,1,0,1,0,0,0,0,0,0,0,1,1,0,0,0
42023008,deu,partizip,binary,0,1,False,0,0,1,0,1,0,0,0,0,0,1,0,0,1,0,0,0
42015029a,deu,partizip,binary,0,1,False,0,0,1,0,0,0,0,1,0,0,0,1,0,0,1,0,0
45002012b,deu,partizip,binary,0,1,False,1,0,0,0,0,1,0,0,0,0,0,1,0,0,1,0,0
40018012,deu,partizip,binary,0,1,False,0,1,0,0,0,0,0,0,0,0,0,0,1,0,1,0,0
45003017,deu,partizip,binary,0,1,False,0,0,1,0,0,0,0,1,0,0,1,0,0,1,0,0,0
40011012a,deu,partizip,binary,1,0,False,0,0,1,0,0,0,0,0,0,1,0,0,1,1,0,0,0
43015018,deu,partizip,binary,1,0,False,0,0,1,0,0,0,0,0,0,0,1,0,0,0,1,0,0
44027021,deu,partizip,binary,0,1,False,0,0,0,0,1,1,1,1,1,0,0,0,1,0,0,0,1
42018021,deu,partizip,binary,1,0,False,0,0,1,0,0,0,0,0,0,0,1,0,0,0,1,0,0
42013007c,deu,partizip,binary,0,1,False,1,0,0,0,0,1,0,1,0,0,1,0,0,0,0,0,1
42024030,deu,partizip,binary,0,1,False,0,1,0,0,1,0,0,0,0,0,0,0,1,0,0,0,1
43004010,deu,partizip,binary,1,0,False,0,0,0,0,1,1,1,0,1,0,1,0,0,0,0,0,1
41009013b,deu,partizip,binary,0,1,False,1,0,0,0,0,1,0,0,0,0,1,0,0,0,0,1,1
40024043a,deu,partizip,binary,0,1,False,0,0,0,0,1,0,1,0,1,0,1,0,0,1,0,0,0
41006052,deu,inf_prasens_prat,multiclass_required,prat,prasens,False,1,0,0,0,1,0,0,1,0,0,1,0,0,1,0,0,0
43014007a,deu,inf_prasens_prat,multiclass_required,prasens,prat,False,0,0,0,0,1,0,1,0,1,0,1,0,0,1,0,0,0
42004035,deu,inf_prasens_prat,multiclass_required,prat,prasens,False,0,1,0,0,1,1,0,0,0,0,1,0,0,0,0,0,1
43008020,deu,inf_prasens_prat,multiclass_required,prat,prasens,False,0,0,1,0,0,0,0,1,0,0,0,0,1,0,0,0,1
43004001,deu,inf_prasens_prat,multiclass_required,prat,prasens,False,1,0,0,0,1,0,0,0,0,0,1,0,0,1,0,0,0
43020013,deu,inf_prasens_prat,multiclass_required,prat,prasens,False,0,1,0,0,0,1,0,0,0,0,1,0,0,0,0,0,1
44009027b,deu,inf_prasens_prat,multiclass_required,prasens,prat,False,1,0,0,0,1,1,0,0,0,0,0,1,0,0,1,0,0
44021033,deu,inf_prasens_prat,multiclass_required,prasens,prat,False,1,0,0,0,1,1,0,0,0,0,1,0,0,0,0,1,1
44011013,deu,inf_prasens_prat,multiclass_required,prasens,prat,False,1,0,0,0,1,1,0,0,0,0,1,0,0,0,0,0,1
43012018,deu,inf_prasens_prat,multiclass_required,prasens,prat,False,1,0,0,0,1,1,0,0,0,0,1,0,0,0,0,1,0
43004018,deu,inf_prasens_prat,multiclass_required,prasens,prat,False,1,0,0,0,1,1,0,0,0,0,1,0,0,1,0,0,0
42012005,deu,inf_prasens_prat,multiclass_required,prat,prasens,False,1,0,0,0,0,1,0,0,0,0,0,1,0,0,0,0,1
43003018b,deu,inf_prasens_prat,multiclass_required,prasens,prat,False,0,0,1,0,0,0,0,1,0,0,0,0,1,1,0,0,0
42023008,deu,inf_prasens_prat,multiclass_required,prat,prasens,False,0,0,1,0,1,0,0,0,0,0,1,0,0,1,0,0,0
45002012b,deu,inf_prasens_prat,multiclass_required,prat,prasens,False,1,0,0,0,0,1,0,0,0,0,0,1,0,0,1,0,0
40018013a,deu,inf_prasens_prat,multiclass_required,prasens,prat,False,0,0,0,0,1,1,1,0,1,1,1,0,0,0,0,0,1
44023012,deu,inf_prasens_prat,multiclass_required,prat,prasens,False,0,1,0,0,1,1,0,1,0,0,1,0,0,0,0,0,1
44022029,deu,inf_prasens_prat,multiclass_required,prat,prasens,False,0,1,0,0,1,1,0,0,0,0,1,0,0,0,0,0,1
44023021,deu,inf_prasens_prat,multiclass_required,prat,prasens,False,0,1,0,0,0,1,0,1,0,0,1,0,0,0,0,0,1
43009018b,deu,inf_prasens_prat,multiclass_required,prasens,prat,False,0,1,0,1,1,1,0,0,0,0,1,0,0,0,0,0,1
42009008a,deu,inf_prasens_prat,multiclass_required,prasens,prat,False,1,0,0,0,1,1,0,0,0,0,0,0,1,0,0,0,1
44020028,deu,inf_prasens_prat,multiclass_required,prat,prasens,False,0,1,0,0,0,1,0,0,0,0,1,0,0,0,0,0,1
42009008b,deu,inf_prasens_prat,multiclass_required,prasens,prat,False,0,1,0,0,1,1,0,0,0,0,0,0,1,0,0,0,1
44016010,deu,inf_prasens_prat,multiclass_required,prasens,prat,False,1,0,0,0,1,1,0,0,0,0,1,0,0,0,0,0,1
41009013b,deu,inf_prasens_prat,multiclass_required,prat,prasens,False,1,0,0,0,0,1,0,0,0,0,1,0,0,0,0,1,1
41006014a,deu,inf_prasens_prat,multiclass_required,prasens,prat,False,0,1,0,0,1,1,0,0,0,0,0,0,1,0,0,1,0
43014007a,deu,indikativ_konj1_konj2,multiclass_optional,indikativ,konj2,False,0,0,0,0,1,0,1,0,1,0,1,0,0,1,0,0,0
42004035,deu,indikativ_konj1_konj2,multiclass_optional,indikativ,konj1,False,0,1,0,0,1,1,0,0,0,0,1,0,0,0,0,0,1
44009027b,deu,indikativ_konj1_konj2,multiclass_optional,konj1,indikativ,False,1,0,0,0,1,1,0,0,0,0,0,1,0,0,1,0,0
44021033,deu,indikativ_konj1_konj2,multiclass_optional,konj1,indikativ,False,1,0,0,0,1,1,0,0,0,0,1,0,0,0,0,1,1
44011013,deu,indikativ_konj1_konj2,multiclass_optional,konj1,indikativ,False,1,0,0,0,1,1,0,0,0,0,1,0,0,0,0,0,1
43012018,deu,indikativ_konj1_konj2,multiclass_optional,konj1,indikativ,False,1,0,0,0,1,1,0,0,0,0,1,0,0,0,0,1,0
42009019,deu,indikativ_konj1_konj2,multiclass_optional,konj1,indikativ,False,0,1,0,0,0,1,0,0,0,0,0,0,1,0,0,0,1
42012051,deu,indikativ_konj1_konj2,multiclass_optional,konj1,indikativ,False,0,1,0,0,0,1,0,0,0,0,0,0,1,0,0,0,1
42019037,deu,indikativ_konj1_konj2,multiclass_optional,indikativ,konj1,False,1,0,0,0,1,1,0,0,0,0,1,0,0,0,1,0,0
40018013a,deu,indikativ_konj1_konj2,multiclass_optional,indikativ,konj2,False,0,0,0,0,1,1,1,0,1,1,1,0,0,0,0,0,1
44023012,deu,indikativ_konj1_konj2,multiclass_optional,konj2,indikativ,False,0,1,0,0,1,1,0,1,0,0,1,0,0,0,0,0,1
44022029,deu,indikativ_konj1_konj2,multiclass_optional,indikativ,konj1,False,0,1,0,0,1,1,0,0,0,0,1,0,0,0,0,0,1
44023021,deu,indikativ_konj1_konj2,multiclass_optional,konj2,indikativ,False,0,1,0,0,0,1,0,1,0,0,1,0,0,0,0,0,1
44007044b,deu,indikativ_konj1_konj2,multiclass_optional,indikativ,konj1,False,1,0,0,0,1,1,0,0,0,0,1,0,0,0,1,0,0
43009018b,deu,indikativ_konj1_konj2,multiclass_optional,konj1,indikativ,False,0,1,0,1,1,1,0,0,0,0,1,0,0,0,0,0,1
42009008a,deu,indikativ_konj1_konj2,multiclass_optional,konj1,indikativ,False,1,0,0,0,1,1,0,0,0,0,0,0,1,0,0,0,1
42009008b,deu,indikativ_konj1_konj2,multiclass_optional,konj1,indikativ,False,0,1,0,0,1,1,0,0,0,0,0,0,1,0,0,0,1
44016010,deu,indikativ_konj1_konj2,multiclass_optional,konj1,indikativ,False,1,0,0,0,1,1,0,0,0,0,1,0,0,0,0,0,1
40018013a,deu,duerfen_koennen_moegen_muessen_sollen_wollen,multiclass_optional,0,koennen,False,0,0,0,0,1,1,1,0,1,1,1,0,0,0,0,0,1
44027021,deu,duerfen_koennen_moegen_muessen_sollen_wollen,multiclass_optional,sollen,0,False,0,0,0,0,1,1,1,1,1,0,0,0,1,0,0,0,1
43004010,deu,duerfen_koennen_moegen_muessen_sollen_wollen,multiclass_optional,0,sollen,False,0,0,0,0,1,1,1,0,1,0,1,0,0,0,0,0,1
40024043b,deu,werden,binary,1,0,False,0,0,0,0,1,0,1,0,1,0,0,1,0,0,1,0,0
42015024,deu,werden,binary,1,0,False,0,1,0,0,0,1,0,0,0,1,1,0,0,0,0,0,1
40028007a,deu,werden,binary,1,0,False,0,1,0,0,0,1,0,0,0,0,0,0,1,0,0,0,1
44014026,deu,werden,binary,1,0,False,1,0,0,0,1,1,0,0,0,1,1,0,0,0,0,0,1
40017009,deu,werden,binary,1,0,False,0,1,0,0,0,1,0,0,0,0,0,0,1,0,0,0,1
40028006,deu,werden,binary,1,0,False,0,1,0,0,0,1,0,1,0,0,0,0,1,0,0,0,1
40018031,deu,werden,binary,0,1,False,1,1,0,0,1,1,0,0,0,1,1,0,0,0,0,0,1
42023015,deu,werden,binary,1,0,False,1,0,0,0,0,1,0,1,0,0,1,0,0,0,1,1,0
40009033,deu,werden,binary,1,0,False,1,0,0,0,0,0,0,1,0,0,1,0,0,1,0,0,0
43002010a,deu,werden,binary,1,0,False,1,0,0,0,0,1,0,0,0,0,0,1,0,0,1,0,0
40011012a,deu,werden,binary,1,0,False,0,0,1,0,0,0,0,0,0,1,0,0,1,1,0,0,0
43009018b,deu,werden,binary,1,0,False,0,1,0,1,1,1,0,0,0,0,1,0,0,0,0,0,1
43003024,deu,werden,binary,1,0,False,1,0,0,0,1,1,0,1,0,1,1,0,0,0,0,0,1
42001013,deu,werden,binary,1,0,False,1,0,0,0,0,1,0,1,0,0,1,0,0,0,0,0,1
43003028,deu,werden,binary,0,1,False,0,1,0,0,0,1,0,1,0,1,1,0,0,0,0,0,1
40001018,deu,werden,binary,0,1,False,0,1,0,0,1,1,0,0,0,1,1,0,0,0,0,0,1
43012038b,deu,werden,binary,1,0,False,1,0,0,0,0,1,0,0,0,1,1,0,0,0,0,0,1
41006014a,deu,werden,binary,1,0,False,0,1,0,0,1,1,0,0,0,0,0,0,1,0,0,1,0
40024043b,deu,haben_sein,multiclass_optional,0,haben,False,0,0,0,0,1,0,1,0,1,0,0,1,0,0,1,0,0
43002010b,deu,haben_sein,multiclass_optional,haben,0,False,0,0,1,0,0,0,0,0,0,0,1,0,0,0,1,0,0
41006052,deu,haben_sein,multiclass_optional,sein,haben,False,1,0,0,0,1,0,0,1,0,0,1,0,0,1,0,0,0
44023014a,deu,haben_sein,multiclass_optional,haben,sein,False,0,1,0,0,0,1,0,0,0,0,0,0,1,0,0,0,1
41010020,deu,haben_sein,multiclass_optional,haben,0,False,0,0,1,0,0,0,0,0,0,0,1,0,0,0,1,0,0
42004035,deu,haben_sein,multiclass_optional,0,haben,False,0,1,0,0,1,1,0,0,0,0,1,0,0,0,0,0,1
44028021b,deu,haben_sein,multiclass_optional,sein,haben,False,0,1,0,0,0,1,0,1,0,0,0,0,1,0,0,0,1
44005009,deu,haben_sein,multiclass_optional,sein,haben,False,1,0,0,0,0,1,0,0,0,0,0,1,0,0,0,0,1
43015024a,deu,haben_sein,multiclass_optional,haben,0,False,0,0,0,0,1,1,1,1,1,0,1,0,0,0,0,1,0
42015024,deu,haben_sein,multiclass_optional,0,sein,False,0,1,0,0,0,1,0,0,0,1,1,0,0,0,0,0,1
41002017,deu,haben_sein,multiclass_optional,sein,haben,False,0,1,0,0,0,1,0,1,0,0,0,0,1,0,0,0,1
42001036,deu,haben_sein,multiclass_optional,0,haben,False,0,1,0,0,0,1,0,0,0,0,1,0,0,0,0,0,1
40028006,deu,haben_sein,multiclass_optional,sein,haben,False,0,1,0,0,0,1,0,1,0,0,0,0,1,0,0,0,1
43003018b,deu,haben_sein,multiclass_optional,haben,sein,False,0,0,1,0,0,0,0,1,0,0,0,0,1,1,0,0,0
41003026,deu,haben_sein,multiclass_optional,sein,haben,False,0,1,0,0,0,1,0,1,0,0,0,0,1,0,0,0,1
44002030,deu,haben_sein,multiclass_optional,haben,0,False,1,0,0,0,1,1,0,0,0,0,0,1,0,0,0,0,1
43020012,deu,haben_sein,multiclass_optional,haben,sein,False,0,0,1,0,1,0,0,0,0,0,0,0,1,1,0,0,0
41009021,deu,haben_sein,multiclass_optional,sein,haben,False,0,0,1,0,0,0,0,0,0,0,0,1,0,0,1,0,0
44023001,deu,haben_sein,multiclass_optional,sein,haben,False,0,0,1,0,0,0,0,0,0,0,0,1,0,0,1,0,0
42023008,deu,haben_sein,multiclass_optional,0,haben,False,0,0,1,0,1,0,0,0,0,0,1,0,0,1,0,0,0
42015029a,deu,haben_sein,multiclass_optional,0,haben,False,0,0,1,0,0,0,0,1,0,0,0,1,0,0,1,0,0
45002012b,deu,haben_sein,multiclass_optional,0,haben,False,1,0,0,0,0,1,0,0,0,0,0,1,0,0,1,0,0
42023015,deu,haben_sein,multiclass_optional,sein,haben,False,1,0,0,0,0,1,0,1,0,0,1,0,0,0,1,1,0
40018012,deu,haben_sein,multiclass_optional,0,sein,False,0,1,0,0,0,0,0,0,0,0,0,0,1,0,1,0,0
45003017,deu,haben_sein,multiclass_optional,0,haben,False,0,0,1,0,0,0,0,1,0,0,1,0,0,1,0,0,0
40009033,deu,haben_sein,multiclass_optional,sein,haben,False,1,0,0,0,0,0,0,1,0,0,1,0,0,1,0,0,0
43002010a,deu,haben_sein,multiclass_optional,sein,haben,False,1,0,0,0,0,1,0,0,0,0,0,1,0,0,1,0,0
40011012a,deu,haben_sein,multiclass_optional,sein,0,False,0,0,1,0,0,0,0,0,0,1,0,0,1,1,0,0,0
40018013a,deu,haben_sein,multiclass_optional,0,haben,False,0,0,0,0,1,1,1,0,1,1,1,0,0,0,0,0,1
41010028b,deu,haben_sein,multiclass_optional,sein,haben,False,0,1,1,0,0,1,0,0,0,0,1,0,0,0,1,0,1
45003003,deu,haben_sein,multiclass_optional,sein,haben,False,1,0,0,0,0,0,0,1,0,0,0,1,0,1,0,0,0
43015018,deu,haben_sein,multiclass_optional,haben,0,False,0,0,1,0,0,0,0,0,0,0,1,0,0,0,1,0,0
44027021,deu,haben_sein,multiclass_optional,haben,sein,False,0,0,0,0,1,1,1,1,1,0,0,0,1,0,0,0,1
44028027a,deu,haben_sein,multiclass_optional,sein,haben,False,0,1,0,0,0,1,0,0,0,0,1,0,0,0,0,0,1
42018021,deu,haben_sein,multiclass_optional,haben,0,False,0,0,1,0,0,0,0,0,0,0,1,0,0,0,1,0,0
42015027,deu,haben_sein,multiclass_optional,haben,sein,False,0,1,0,0,0,1,0,0,0,0,0,0,1,0,0,0,1
42022032,deu,haben_sein,multiclass_optional,haben,sein,False,0,1,0,0,0,1,0,0,0,0,0,0,1,0,0,0,1
40011023b,deu,haben_sein,multiclass_optional,0,sein,False,0,0,0,0,1,0,1,0,1,0,0,0,1,1,0,0,0
40019011,deu,haben_sein,multiclass_optional,sein,haben,False,0,1,0,0,0,1,0,1,0,0,1,0,0,0,0,0,1
42013007c,deu,haben_sein,multiclass_optional,0,haben,False,1,0,0,0,0,1,0,1,0,0,1,0,0,0,0,0,1
43009018b,deu,haben_sein,multiclass_optional,sein,haben,False,0,1,0,1,1,1,0,0,0,0,1,0,0,0,0,0,1
42024030,deu,haben_sein,multiclass_optional,0,sein,False,0,1,0,0,1,0,0,0,0,0,0,0,1,0,0,0,1
44017006b,deu,haben_sein,multiclass_optional,sein,haben,False,0,1,0,0,0,1,0,1,0,0,0,0,1,0,0,0,1
43003013,deu,haben_sein,multiclass_optional,sein,haben,False,0,1,0,0,0,1,0,1,0,0,0,0,1,0,0,0,1
42001013,deu,haben_sein,multiclass_optional,sein,haben,False,1,0,0,0,0,1,0,1,0,0,1,0,0,0,0,0,1
41009013b,deu,haben_sein,multiclass_optional,0,haben,False,1,0,0,0,0,1,0,0,0,0,1,0,0,0,0,1,1
40024043a,deu,haben_sein,multiclass_optional,0,haben,False,0,0,0,0,1,0,1,0,1,0,1,0,0,1,0,0,0
45003012a,deu,haben_sein,multiclass_optional,sein,haben,False,0,1,0,0,0,1,0,1,0,0,0,0,1,0,0,0,1
43012016,deu,haben_sein,multiclass_optional,haben,sein,False,1,0,0,0,1,1,0,0,0,1,1,0,0,0,0,1,0
43002010b,cmn,le_guo,multiclass_optional,guo,0,False,0,0,1,0,0,0,0,0,0,0,1,0,0,0,1,0,0
44010014,cmn,le_guo,multiclass_optional,0,le,False,1,0,0,0,0,1,0,1,0,0,0,1,0,0,1,0,0
42017010d,cmn,le_guo,multiclass_optional,le,0,False,1,0,0,0,1,1,0,0,1,0,0,1,0,0,0,1,0
43007031,cmn,le_guo,multiclass_optional,0,le,False,1,0,0,0,0,1,0,0,0,0,1,0,0,0,0,1,0
44017028,cmn,le_guo,multiclass_optional,le,0,False,1,0,0,0,0,1,0,0,0,0,1,0,0,0,1,0,0
42001068a,cmn,le_guo,multiclass_optional,0,le,False,1,0,0,0,0,1,0,0,0,0,1,0,0,0,0,0,1
43003019,cmn,le_guo,multiclass_optional,0,le,False,0,1,0,0,0,1,0,0,0,0,0,0,1,0,0,0,1
42009036,cmn,le_guo,multiclass_optional,guo,0,False,1,0,0,0,1,1,0,1,0,0,1,0,0,0,0,0,1
44023014a,cmn,le_guo,multiclass_optional,0,le,False,0,1,0,0,0,1,0,0,0,0,0,0,1,0,0,0,1
44010033a,cmn,le_guo,multiclass_optional,le,0,False,1,0,0,0,0,1,0,0,0,0,1,0,0,0,1,0,0
41012010,cmn,le_guo,multiclass_optional,guo,0,False,1,0,0,0,0,1,0,1,0,0,1,0,0,0,0,1,0
41010020,cmn,le_guo,multiclass_optional,le,0,False,0,0,1,0,0,0,0,0,0,0,1,0,0,0,1,0,0
43006036,cmn,le_guo,multiclass_optional,0,le,False,1,0,0,0,0,1,0,0,0,0,1,0,0,0,0,0,1
42017019,cmn,le_guo,multiclass_optional,le,0,False,0,1,0,0,0,1,0,0,0,0,1,0,0,0,0,1,1
42002020a,cmn,le_guo,multiclass_optional,0,le,False,1,0,0,0,1,1,0,0,0,0,1,0,0,0,0,0,1
44015004,cmn,le_guo,multiclass_optional,le,0,False,1,0,0,0,1,1,0,0,0,0,1,0,0,0,0,1,0
44020036,cmn,le_guo,multiclass_optional,0,guo,False,1,0,0,0,1,1,0,0,0,0,0,1,0,0,1,0,0
44007034b,cmn,le_guo,multiclass_optional,0,le,False,1,0,0,0,0,1,0,0,0,0,1,0,0,0,0,0,1
43008020,cmn,le_guo,multiclass_optional,0,le,False,0,0,1,0,0,0,0,1,0,0,0,0,1,0,0,0,1
43008029,cmn,le_guo,multiclass_optional,guo,0,False,0,0,1,0,0,0,0,1,0,0,1,0,0,0,0,0,1
43015009,cmn,le_guo,multiclass_optional,le,0,False,0,0,1,0,0,0,0,0,0,0,1,0,0,1,0,0,0
43008033,cmn,le_guo,multiclass_optional,0,guo,False,1,0,1,0,0,0,0,1,0,0,0,0,1,1,0,0,0
43011032a,cmn,le_guo,multiclass_optional,le,0,False,0,0,0,0,1,0,1,1,1,0,0,0,1,1,0,0,0
43015022a,cmn,le_guo,multiclass_optional,guo,0,False,0,0,0,0,1,1,1,1,1,0,0,0,1,0,0,0,1
43012034,cmn,le_guo,multiclass_optional,0,le,False,1,0,0,0,0,1,0,0,0,0,1,0,0,0,0,0,1
44028021b,cmn,le_guo,multiclass_optional,le,0,False,0,1,0,0,0,1,0,1,0,0,0,0,1,0,0,0,1
44026024,cmn,le_guo,multiclass_optional,le,0,False,0,1,0,0,0,1,0,0,0,0,1,0,0,0,0,0,1
44025025b,cmn,le_guo,multiclass_optional,0,le,False,1,0,0,0,0,1,0,0,0,0,1,0,0,0,0,0,1
44012025,cmn,le_guo,multiclass_optional,0,le,False,0,1,0,0,1,1,0,0,0,0,1,0,0,0,0,1,0
42019015,cmn,le_guo,multiclass_optional,le,0,False,0,1,0,0,1,1,0,0,0,0,1,0,0,0,0,0,1
43005037a,cmn,le_guo,multiclass_optional,guo,0,False,1,0,0,0,0,0,0,1,0,0,1,0,0,0,1,0,0
43020013,cmn,le_guo,multiclass_optional,le,0,False,0,1,0,0,0,1,0,0,0,0,1,0,0,0,0,0,1
42015024,cmn,le_guo,multiclass_optional,le,0,False,0,1,0,0,0,1,0,0,0,1,1,0,0,0,0,0,1
40021016,cmn,le_guo,multiclass_optional,le,0,False,0,1,0,0,0,1,0,0,0,0,1,0,0,0,0,1,1
44019012,cmn,le_guo,multiclass_optional,guo,le,False,1,0,0,0,1,1,0,0,0,0,1,0,0,0,0,0,1
40023023,cmn,le_guo,multiclass_optional,0,le,False,0,1,1,0,0,0,0,1,0,0,1,0,0,1,0,0,0
44009027b,cmn,le_guo,multiclass_optional,0,guo,False,1,0,0,0,1,1,0,0,0,0,0,1,0,0,1,0,0
43001034b,cmn,le_guo,multiclass_optional,le,0,False,1,0,0,0,0,1,0,0,0,0,0,1,0,0,1,0,0
44021033,cmn,le_guo,multiclass_optional,le,0,False,1,0,0,0,1,1,0,0,0,0,1,0,0,0,0,1,1
44022015b,cmn,le_guo,multiclass_optional,0,le,False,1,0,0,0,0,1,0,0,0,0,1,0,0,0,0,0,1
40019028,cmn,le_guo,multiclass_optional,0,le,False,0,1,0,0,0,1,0,0,0,0,0,0,1,0,0,0,1
44011013,cmn,le_guo,multiclass_optional,0,le,False,1,0,0,0,1,1,0,0,0,0,1,0,0,0,0,0,1
44010015,cmn,le_guo,multiclass_optional,0,le,False,0,1,0,0,0,1,0,0,0,0,1,0,0,0,0,1,0
40006005,cmn,le_guo,multiclass_optional,le,0,False,0,1,0,0,0,1,0,1,0,1,1,0,0,0,0,0,1
44011018,cmn,le_guo,multiclass_optional,le,0,False,0,1,0,0,0,1,0,0,0,0,1,0,0,0,0,0,1
42001036,cmn,le_guo,multiclass_optional,le,0,False,0,1,0,0,0,1,0,0,0,0,1,0,0,0,0,0,1
44014026,cmn,le_guo,multiclass_optional,0,guo,False,1,0,0,0,1,1,0,0,0,1,1,0,0,0,0,0,1
40017009,cmn,le_guo,multiclass_optional,0,le,False,0,1,0,0,0,1,0,0,0,0,0,0,1,0,0,0,1
42018042,cmn,le_guo,multiclass_optional,le,0,False,0,1,0,0,0,1,0,0,0,0,1,0,0,0,0,1,1
43012018,cmn,le_guo,multiclass_optional,le,0,False,1,0,0,0,1,1,0,0,0,0,1,0,0,0,0,1,0
43011021a,cmn,le_guo,multiclass_optional,le,0,False,0,0,0,0,1,0,1,0,1,0,0,0,1,1,0,0,0
40028006,cmn,le_guo,multiclass_optional,le,0,False,0,1,0,0,0,1,0,1,0,0,0,0,1,0,0,0,1
42008035,cmn,le_guo,multiclass_optional,le,guo,False,1,0,1,0,1,1,0,0,0,1,1,0,0,0,0,0,1
42006024,cmn,le_guo,multiclass_optional,le,0,False,0,1,0,0,0,1,0,0,0,0,1,0,0,0,0,0,1
44013033a,cmn,le_guo,multiclass_optional,le,0,False,0,1,0,0,0,1,0,0,0,0,1,0,0,0,0,1,1
40006016,cmn,le_guo,multiclass_optional,le,0,False,0,1,0,0,0,1,0,0,0,0,1,0,0,0,0,0,1
43013038,cmn,le_guo,multiclass_optional,le,0,False,1,0,0,0,0,1,0,1,0,0,1,0,0,0,0,1,0
42009019,cmn,le_guo,multiclass_optional,0,le,False,0,1,0,0,0,1,0,0,0,0,0,0,1,0,0,0,1
42012051,cmn,le_guo,multiclass_optional,0,le,False,0,1,0,0,0,1,0,0,0,0,0,0,1,0,0,0,1
40008010,cmn,le_guo,multiclass_optional,guo,0,False,1,0,0,0,0,1,0,1,0,0,1,0,0,0,0,0,1
43006045,cmn,le_guo,multiclass_optional,guo,0,False,1,0,0,0,0,1,0,0,0,0,0,1,0,0,0,1,0
44002030,cmn,le_guo,multiclass_optional,le,0,False,1,0,0,0,1,1,0,0,0,0,0,1,0,0,0,0,1
42019037,cmn,le_guo,multiclass_optional,le,0,False,1,0,0,0,1,1,0,0,0,0,1,0,0,0,1,0,0
43020012,cmn,le_guo,multiclass_optional,le,0,False,0,0,1,0,1,0,0,0,0,0,0,0,1,1,0,0,0
41009021,cmn,le_guo,multiclass_optional,le,0,False,0,0,1,0,0,0,0,0,0,0,0,1,0,0,1,0,0
44023001,cmn,le_guo,multiclass_optional,guo,0,False,0,0,1,0,0,0,0,0,0,0,0,1,0,0,1,0,0
41005034,cmn,le_guo,multiclass_optional,le,0,False,0,1,0,0,0,1,0,0,0,0,1,0,0,0,0,1,1
44019018,cmn,le_guo,multiclass_optional,le,0,False,1,0,0,0,1,1,0,0,0,0,1,0,0,0,0,1,1
43007046,cmn,le_guo,multiclass_optional,0,le,False,1,0,0,0,0,1,0,1,0,0,0,1,0,0,1,0,0
45003008,cmn,le_guo,multiclass_optional,guo,0,False,1,0,0,0,0,1,0,1,0,0,1,0,0,0,0,0,1
43016033,cmn,le_guo,multiclass_optional,le,0,False,0,1,0,0,0,1,0,0,0,0,1,0,0,0,0,1,1
44017031b,cmn,le_guo,multiclass_optional,guo,0,False,0,1,0,0,0,1,0,0,0,0,1,0,0,0,0,0,1
44025008,cmn,le_guo,multiclass_optional,guo,0,False,1,0,0,0,0,1,0,1,0,0,1,0,0,0,0,1,1
43003034,cmn,le_guo,multiclass_optional,0,le,False,1,0,0,0,0,1,0,0,0,0,1,0,0,0,0,0,1
44027024,cmn,le_guo,multiclass_optional,le,0,False,0,1,0,0,0,1,0,0,0,0,1,0,0,0,0,0,1
41005014,cmn,le_guo,multiclass_optional,le,0,False,1,0,0,0,1,1,0,0,0,0,0,0,1,0,0,0,1
43017025,cmn,le_guo,multiclass_optional,0,le,False,1,0,1,0,0,0,0,1,0,0,1,0,0,1,0,0,0
44023014b,cmn,le_guo,multiclass_optional,le,0,False,0,1,0,0,0,1,0,1,0,0,1,0,0,0,0,0,1
42007045,cmn,le_guo,multiclass_optional,le,0,False,1,0,0,0,0,0,0,1,0,0,1,0,0,0,1,0,0
44016036,cmn,le_guo,multiclass_optional,0,le,False,1,0,0,0,0,1,0,0,0,0,1,0,0,0,0,0,1
44001007,cmn,le_guo,multiclass_optional,le,0,False,0,1,0,0,0,1,0,1,0,0,1,0,0,0,0,0,1
44007034a,cmn,le_guo,multiclass_optional,le,0,False,1,0,0,0,0,1,0,0,0,0,1,0,0,0,1,0,0
43005022,cmn,le_guo,multiclass_optional,le,0,False,0,1,0,0,0,1,0,0,0,0,1,0,0,0,0,0,1
42019016,cmn,le_guo,multiclass_optional,le,0,False,0,1,0,0,0,1,0,0,0,0,1,0,0,0,0,1,1
41002012,cmn,le_guo,multiclass_optional,guo,0,False,1,0,0,0,0,0,0,1,0,0,1,0,0,1,0,0,0
43020025,cmn,le_guo,multiclass_optional,0,le,False,1,0,0,0,0,1,0,0,0,0,1,0,0,0,0,0,1
42023015,cmn,le_guo,multiclass_optional,guo,0,False,1,0,0,0,0,1,0,1,0,0,1,0,0,0,1,1,0
44007052b,cmn,le_guo,multiclass_optional,le,0,False,1,0,0,0,0,1,0,1,0,0,1,0,0,0,0,0,1
40018012,cmn,le_guo,multiclass_optional,le,0,False,0,1,0,0,0,0,0,0,0,0,0,0,1,0,1,0,0
40022031,cmn,le_guo,multiclass_optional,guo,0,False,1,0,0,0,0,1,0,1,0,0,1,0,0,0,0,1,0
42007022b,cmn,le_guo,multiclass_optional,0,le,False,1,0,0,0,0,1,0,0,0,0,1,0,0,0,0,0,1
40009033,cmn,le_guo,multiclass_optional,guo,0,False,1,0,0,0,0,0,0,1,0,0,1,0,0,1,0,0,0
44004027,cmn,le_guo,multiclass_optional,0,le,False,0,1,0,0,0,1,0,0,0,0,1,0,0,0,0,1,0
41010052,cmn,le_guo,multiclass_optional,le,0,False,0,1,0,0,0,1,0,0,0,0,1,0,0,0,0,1,1
41014023,cmn,le_guo,multiclass_optional,le,0,False,1,0,0,0,1,1,0,0,0,0,1,0,0,0,0,1,0
42018029,cmn,le_guo,multiclass_optional,le,0,False,1,0,0,0,0,1,0,1,0,0,1,0,0,0,0,0,1
43011046,cmn,le_guo,multiclass_optional,le,0,False,1,0,0,0,1,1,0,0,0,0,1,0,0,0,0,1,0
45003012b,cmn,le_guo,multiclass_optional,0,le,False,1,0,0,0,0,1,0,1,0,0,0,1,0,0,1,0,0
40020023,cmn,le_guo,multiclass_optional,0,le,False,0,1,0,0,0,1,0,0,0,1,1,0,0,0,0,1,0
40014004,cmn,le_guo,multiclass_optional,0,le,False,1,0,0,0,1,1,0,0,0,0,1,0,0,0,0,0,1
41010028b,cmn,le_guo,multiclass_optional,le,0,False,0,1,1,0,0,1,0,0,0,0,1,0,0,0,1,0,1
44023012,cmn,le_guo,multiclass_optional,le,0,False,0,1,0,0,1,1,0,1,0,0,1,0,0,0,0,0,1
44023021,cmn,le_guo,multiclass_optional,le,0,False,0,1,0,0,0,1,0,1,0,0,1,0,0,0,0,0,1
44027021,cmn,le_guo,multiclass_optional,le,0,False,0,0,0,0,1,1,1,1,1,0,0,0,1,0,0,0,1
42008002b,cmn,le_guo,multiclass_optional,le,0,False,0,1,0,0,1,1,0,0,0,0,0,0,1,0,0,0,1
44028027a,cmn,le_guo,multiclass_optional,le,0,False,0,1,0,0,0,1,0,0,0,0,1,0,0,0,0,0,1
41015034,cmn,le_guo,multiclass_optional,0,le,False,1,0,0,0,0,1,0,0,0,0,1,0,0,0,0,0,1
44026032b,cmn,le_guo,multiclass_optional,le,0,False,0,0,0,0,1,1,1,1,1,0,0,1,0,0,0,0,1
44004020a,cmn,le_guo,multiclass_optional,0,guo,False,1,0,0,0,0,1,0,1,0,0,1,0,0,0,1,0,0
44009013b,cmn,le_guo,multiclass_optional,0,le,False,1,0,0,0,0,1,0,0,0,0,1,0,0,0,0,1,1
42022032,cmn,le_guo,multiclass_optional,0,le,False,0,1,0,0,0,1,0,0,0,0,0,0,1,0,0,0,1
41010029,cmn,le_guo,multiclass_optional,le,0,False,0,1,0,0,0,1,0,0,0,0,1,0,0,0,0,0,1
42004006,cmn,le_guo,multiclass_optional,le,0,False,0,1,0,0,0,1,0,0,0,1,1,0,0,0,0,0,1
43014009b,cmn,le_guo,multiclass_optional,le,0,False,1,0,0,0,0,1,0,0,0,0,1,0,0,0,1,0,0
45005014,cmn,le_guo,multiclass_optional,0,le,False,1,0,0,0,1,1,0,1,0,0,0,1,0,0,1,0,0
40011021b,cmn,le_guo,multiclass_optional,le,0,False,0,0,0,0,1,1,1,0,1,0,0,1,0,0,1,0,0
40005038,cmn,le_guo,multiclass_optional,guo,le,False,1,0,0,0,0,1,0,0,0,0,1,0,0,0,0,0,1
42013007c,cmn,le_guo,multiclass_optional,le,0,False,1,0,0,0,0,1,0,1,0,0,1,0,0,0,0,0,1
44019026b,cmn,le_guo,multiclass_optional,0,le,False,1,0,0,0,0,1,0,0,0,0,1,0,0,0,0,1,0
43009018b,cmn,le_guo,multiclass_optional,le,0,False,0,1,0,1,1,1,0,0,0,0,1,0,0,0,0,0,1
40026047,cmn,le_guo,multiclass_optional,0,le,False,1,0,0,0,1,1,0,0,0,0,1,0,0,0,0,0,1
42023022b,cmn,le_guo,multiclass_optional,guo,le,False,1,1,0,0,0,1,0,1,0,0,1,0,0,0,0,0,1
44008025a,cmn,le_guo,multiclass_optional,le,guo,False,1,0,0,0,1,1,0,0,0,0,0,1,0,0,1,0,0
42009008a,cmn,le_guo,multiclass_optional,le,0,False,1,0,0,0,1,1,0,0,0,0,0,0,1,0,0,0,1
44020028,cmn,le_guo,multiclass_optional,le,0,False,0,1,0,0,0,1,0,0,0,0,1,0,0,0,0,0,1
43005038,cmn,le_guo,multiclass_optional,0,le,False,1,0,0,0,0,1,0,0,0,0,1,0,0,0,0,0,1
42024030,cmn,le_guo,multiclass_optional,le,0,False,0,1,0,0,1,0,0,0,0,0,0,0,1,0,0,0,1
43016011,cmn,le_guo,multiclass_optional,le,0,False,0,1,0,0,0,1,0,0,0,1,1,0,0,0,0,0,1
40028020,cmn,le_guo,multiclass_optional,0,le,False,1,0,0,0,0,1,0,0,0,0,1,0,0,0,0,1,0
43003013,cmn,le_guo,multiclass_optional,le,0,False,0,1,0,0,0,1,0,1,0,0,0,0,1,0,0,0,1
40028018,cmn,le_guo,multiclass_optional,le,0,False,0,1,0,0,0,1,0,0,0,1,1,0,0,0,0,0,1
44005026,cmn,le_guo,multiclass_optional,le,0,False,0,0,0,0,1,1,1,0,1,1,1,0,0,0,0,0,1
43013015a,cmn,le_guo,multiclass_optional,0,le,False,1,1,0,0,0,1,0,0,0,0,1,0,0,0,0,0,1
43005036,cmn,le_guo,multiclass_optional,guo,le,False,1,0,0,0,0,1,0,0,0,0,1,0,0,0,0,0,1
45007006a,cmn,le_guo,multiclass_optional,le,0,False,0,1,0,0,0,1,0,0,0,1,1,0,0,0,0,0,1
42024018,cmn,le_guo,multiclass_optional,0,guo,False,1,0,0,0,0,1,0,1,0,0,0,0,1,0,1,0,0
44015016,cmn,le_guo,multiclass_optional,0,le,False,0,1,0,0,0,1,0,0,0,0,0,0,1,0,0,0,1
40005027,cmn,le_guo,multiclass_optional,guo,le,False,1,0,0,0,0,1,0,0,0,0,1,0,0,0,0,0,1
40015006,cmn,le_guo,multiclass_optional,le,0,False,0,1,0,0,0,1,0,1,0,0,1,0,0,0,0,0,1
44009027c,cmn,le_guo,multiclass_optional,0,guo,False,1,0,0,0,1,1,0,0,0,0,0,1,0,0,1,0,0
43017003,cmn,le_guo,multiclass_optional,le,0,False,0,1,0,0,0,1,0,0,0,0,1,0,0,0,0,0,1
44021029a,cmn,le_guo,multiclass_optional,le,0,False,0,0,1,0,1,0,0,0,0,0,0,0,1,1,0,0,0
40027060,cmn,le_guo,multiclass_optional,0,le,False,0,1,0,0,1,1,0,0,0,0,1,0,0,0,0,1,0
41009013b,cmn,le_guo,multiclass_optional,0,le,False,1,0,0,0,0,1,0,0,0,0,1,0,0,0,0,1,1
42015029b,cmn,le_guo,multiclass_optional,0,le,False,1,0,1,0,0,0,0,1,0,0,1,0,0,1,0,0,0
42005026,cmn,le_guo,multiclass_optional,le,0,False,1,0,0,0,0,1,0,0,0,0,1,0,0,0,1,0,0
45004018,cmn,le_guo,multiclass_optional,0,guo,False,1,0,0,0,1,1,0,0,0,1,1,0,0,0,0,1,0
42024004,cmn,le_guo,multiclass_optional,le,0,False,1,0,0,0,1,1,0,0,0,0,0,0,1,0,0,0,1
40027046,cmn,le_guo,multiclass_optional,0,le,False,1,0,0,0,0,1,0,0,0,0,1,0,0,0,0,0,1
43012016,cmn,le_guo,multiclass_optional,le,guo,False,1,0,0,0,1,1,0,0,0,1,1,0,0,0,0,1,0
41004015a,cmn,le_guo,multiclass_optional,le,0,False,1,0,0,0,0,1,0,0,0,0,0,1,0,0,0,0,1
40001018,cmn,le_guo,multiclass_optional,le,0,False,0,1,0,0,1,1,0,0,0,1,1,0,0,0,0,0,1
43015012,cmn,le_guo,multiclass_optional,le,0,False,0,0,1,0,0,0,0,0,0,0,1,0,0,1,0,0,0
42023014,cmn,le_guo,multiclass_optional,guo,0,False,1,0,0,0,0,1,0,1,0,0,1,0,0,0,1,1,0
43018035,cmn,le_guo,multiclass_optional,0,le,False,1,0,0,0,0,1,0,0,0,0,1,0,0,0,0,1,1
43012038b,cmn,le_guo,multiclass_optional,le,0,False,1,0,0,0,0,1,0,0,0,1,1,0,0,0,0,0,1
43016021,cmn,le_guo,multiclass_optional,0,le,False,0,1,0,0,0,1,0,0,0,0,0,0,1,0,0,0,1
41006014a,cmn,le_guo,multiclass_optional,0,le,False,0,1,0,0,1,1,0,0,0,0,0,0,1,0,0,1,0
44017028,cmn,yi_yijing_zaojiu_zaoyi,multiclass_optional,yi,0,False,1,0,0,0,0,1,0,0,0,0,1,0,0,0,1,0,0
43020015,cmn,yi_yijing_zaojiu_zaoyi,multiclass_optional,yi,0,False,0,1,0,0,0,1,0,0,0,0,1,0,0,0,0,1,0
43004001,cmn,yi_yijing_zaojiu_zaoyi,multiclass_optional,yi,0,False,1,0,0,0,1,0,0,0,0,0,1,0,0,1,0,0,0
44026024,cmn,yi_yijing_zaojiu_zaoyi,multiclass_optional,zaojiu,0,False,0,1,0,0,0,1,0,0,0,0,1,0,0,0,0,0,1
43015024a,cmn,yi_yijing_zaojiu_zaoyi,multiclass_optional,0,yi,False,0,0,0,0,1,1,1,1,1,0,1,0,0,0,0,1,0
40006005,cmn,yi_yijing_zaojiu_zaoyi,multiclass_optional,yi,0,False,0,1,0,0,0,1,0,1,0,1,1,0,0,0,0,0,1
40028007a,cmn,yi_yijing_zaojiu_zaoyi,multiclass_optional,yi,0,False,0,1,0,0,0,1,0,0,0,0,0,0,1,0,0,0,1
42006024,cmn,yi_yijing_zaojiu_zaoyi,multiclass_optional,yi,0,False,0,1,0,0,0,1,0,0,0,0,1,0,0,0,0,0,1
40006016,cmn,yi_yijing_zaojiu_zaoyi,multiclass_optional,yi,0,False,0,1,0,0,0,1,0,0,0,0,1,0,0,0,0,0,1
43013038,cmn,yi_yijing_zaojiu_zaoyi,multiclass_optional,zaojiu,0,False,1,0,0,0,0,1,0,1,0,0,1,0,0,0,0,1,0
44028027b,cmn,yi_yijing_zaojiu_zaoyi,multiclass_optional,yi,0,False,0,1,0,0,0,1,0,0,0,0,1,0,0,0,0,0,1
45003008,cmn,yi_yijing_zaojiu_zaoyi,multiclass_optional,yi,0,False,1,0,0,0,0,1,0,1,0,0,1,0,0,0,0,0,1
43003034,cmn,yi_yijing_zaojiu_zaoyi,multiclass_optional,yi,0,False,1,0,0,0,0,1,0,0,0,0,1,0,0,0,0,0,1
43017025,cmn,yi_yijing_zaojiu_zaoyi,multiclass_optional,yi,0,False,1,0,1,0,0,0,0,1,0,0,1,0,0,1,0,0,0
44023014b,cmn,yi_yijing_zaojiu_zaoyi,multiclass_optional,yi,0,False,0,1,0,0,0,1,0,1,0,0,1,0,0,0,0,0,1
43020018,cmn,yi_yijing_zaojiu_zaoyi,multiclass_optional,yi,0,False,1,0,0,0,0,1,0,0,0,0,1,0,0,0,0,0,1
40003002,cmn,yi_yijing_zaojiu_zaoyi,multiclass_optional,0,yi,False,0,1,0,0,0,1,0,0,0,0,0,0,1,0,0,1,0
44001007,cmn,yi_yijing_zaojiu_zaoyi,multiclass_optional,yi,0,False,0,1,0,0,0,1,0,1,0,0,1,0,0,0,0,0,1
43012023,cmn,yi_yijing_zaojiu_zaoyi,multiclass_optional,yi,0,False,0,1,0,0,0,1,0,0,0,0,0,0,1,0,0,0,1
43005022,cmn,yi_yijing_zaojiu_zaoyi,multiclass_optional,yi,0,False,0,1,0,0,0,1,0,0,0,0,1,0,0,0,0,0,1
42008030,cmn,yi_yijing_zaojiu_zaoyi,multiclass_optional,yi,0,False,0,1,0,0,1,1,0,0,0,0,0,0,1,0,0,0,1
40018012,cmn,yi_yijing_zaojiu_zaoyi,multiclass_optional,0,yi,False,0,1,0,0,0,0,0,0,0,0,0,0,1,0,1,0,0
45003017,cmn,yi_yijing_zaojiu_zaoyi,multiclass_optional,yi,0,False,0,0,1,0,0,0,0,1,0,0,1,0,0,1,0,0,0
43011046,cmn,yi_yijing_zaojiu_zaoyi,multiclass_optional,yi,0,False,1,0,0,0,1,1,0,0,0,0,1,0,0,0,0,1,0
44023012,cmn,yi_yijing_zaojiu_zaoyi,multiclass_optional,yi,0,False,0,1,0,0,1,1,0,1,0,0,1,0,0,0,0,0,1
42010013b,cmn,yi_yijing_zaojiu_zaoyi,multiclass_optional,yi,0,False,0,0,0,0,1,1,1,0,1,0,0,1,0,0,0,0,1
42018021,cmn,yi_yijing_zaojiu_zaoyi,multiclass_optional,yi,0,False,0,0,1,0,0,0,0,0,0,0,1,0,0,0,1,0,0
40011021b,cmn,yi_yijing_zaojiu_zaoyi,multiclass_optional,yi,0,False,0,0,0,0,1,1,1,0,1,0,0,1,0,0,1,0,0
42013007c,cmn,yi_yijing_zaojiu_zaoyi,multiclass_optional,yi,0,False,1,0,0,0,0,1,0,1,0,0,1,0,0,0,0,0,1
43009018b,cmn,yi_yijing_zaojiu_zaoyi,multiclass_optional,yi,0,False,0,1,0,1,1,1,0,0,0,0,1,0,0,0,0,0,1
43003013,cmn,yi_yijing_zaojiu_zaoyi,multiclass_optional,yi,0,False,0,1,0,0,0,1,0,1,0,0,0,0,1,0,0,0,1
42010019,cmn,yi_yijing_zaojiu_zaoyi,multiclass_optional,yi,0,False,0,1,0,0,0,1,0,0,0,0,1,0,0,0,0,0,1
42001013,cmn,yi_yijing_zaojiu_zaoyi,multiclass_optional,yi,0,False,1,0,0,0,0,1,0,1,0,0,1,0,0,0,0,0,1
44016010,cmn,yi_yijing_zaojiu_zaoyi,multiclass_optional,yi,0,False,1,0,0,0,1,1,0,0,0,0,1,0,0,0,0,0,1
43011012,cmn,yi_yijing_zaojiu_zaoyi,multiclass_optional,yi,0,False,0,1,0,0,0,1,0,0,0,0,0,0,1,0,0,0,1
42024004,cmn,yi_yijing_zaojiu_zaoyi,multiclass_optional,yi,0,False,1,0,0,0,1,1,0,0,0,0,0,0,1,0,0,0,1
43015012,cmn,yi_yijing_zaojiu_zaoyi,multiclass_optional,yi,0,False,0,0,1,0,0,0,0,0,0,0,1,0,0,1,0,0,0
44010014,cmn,suo_de,binary,1,0,False,1,0,0,0,0,1,0,1,0,0,0,1,0,0,1,0,0
42017010d,cmn,suo_de,binary,0,1,False,1,0,0,0,1,1,0,0,1,0,0,1,0,0,0,1,0
42009036,cmn,suo_de,binary,0,1,False,1,0,0,0,1,1,0,1,0,0,1,0,0,0,0,0,1
43006036,cmn,suo_de,binary,1,0,False,1,0,0,0,0,1,0,0,0,0,1,0,0,0,0,0,1
44020036,cmn,suo_de,binary,1,0,False,1,0,0,0,1,1,0,0,0,0,0,1,0,0,1,0,0
44004020b,cmn,suo_de,binary,1,0,False,1,0,0,0,0,1,0,1,0,0,1,0,0,0,0,0,1
40003017,cmn,suo_de,binary,1,0,False,0,1,0,0,0,1,0,0,0,0,1,0,0,0,0,0,1
44021033,cmn,suo_de,binary,0,1,False,1,0,0,0,1,1,0,0,0,0,1,0,0,0,0,1,1
44003016,cmn,suo_de,binary,1,0,False,0,1,0,0,0,1,0,0,0,0,1,0,0,0,0,0,1
44014026,cmn,suo_de,binary,1,0,False,1,0,0,0,1,1,0,0,0,1,1,0,0,0,0,0,1
42003019,cmn,suo_de,binary,1,0,False,1,0,0,0,1,1,0,0,0,0,1,0,0,0,0,1,0
43004018,cmn,suo_de,binary,1,0,False,1,0,0,0,1,1,0,0,0,0,1,0,0,1,0,0,0
40019006,cmn,suo_de,binary,1,0,False,0,1,0,0,0,1,0,1,0,0,1,0,0,0,0,0,1
42009019,cmn,suo_de,binary,1,0,False,0,1,0,0,0,1,0,0,0,0,0,0,1,0,0,0,1
44019018,cmn,suo_de,binary,0,1,False,1,0,0,0,1,1,0,0,0,0,1,0,0,0,0,1,1
43007046,cmn,suo_de,binary,1,0,False,1,0,0,0,0,1,0,1,0,0,0,1,0,0,1,0,0
43019006,cmn,suo_de,binary,1,0,False,1,0,0,0,0,1,0,1,0,0,1,0,0,0,0,0,1
41002012,cmn,suo_de,binary,0,1,False,1,0,0,0,0,0,0,1,0,0,1,0,0,1,0,0,0
43017002a,cmn,suo_de,binary,1,0,False,0,1,0,0,0,1,0,0,0,0,1,0,0,0,0,0,1
40009033,cmn,suo_de,binary,0,1,False,1,0,0,0,0,0,0,1,0,0,1,0,0,1,0,0,0
45003003,cmn,suo_de,binary,0,1,False,1,0,0,0,0,0,0,1,0,0,0,1,0,1,0,0,0
43006027,cmn,suo_de,binary,1,0,False,0,1,0,0,0,1,0,0,0,0,1,0,0,0,0,0,1
42009008b,cmn,suo_de,binary,1,0,False,0,1,0,0,1,1,0,0,0,0,0,0,1,0,0,0,1
43005038,cmn,suo_de,binary,1,0,False,1,0,0,0,0,1,0,0,0,0,1,0,0,0,0,0,1
44028021a,cmn,suo_de,binary,0,1,False,1,0,0,0,0,0,0,1,0,0,1,0,0,1,0,0,0
41010009,cmn,suo_de,binary,1,0,False,0,1,0,0,0,1,0,1,0,0,1,0,0,0,0,0,1
43013015a,cmn,suo_de,binary,1,0,False,1,1,0,0,0,1,0,0,0,0,1,0,0,0,0,0,1
43017002b,cmn,suo_de,binary,1,0,False,0,1,0,0,0,1,0,0,0,0,1,0,0,0,0,0,1
43011039b,cmn,suo_de,binary,1,0,False,0,0,1,0,0,0,0,0,0,0,0,0,1,1,0,0,0
43003028,cmn,suo_de,binary,1,0,False,0,1,0,0,0,1,0,1,0,1,1,0,0,0,0,0,1
44011008,cmn,suo_de,binary,1,0,False,1,0,0,0,0,1,0,1,0,0,0,0,1,0,0,0,1
45004018,cmn,suo_de,binary,1,0,False,1,0,0,0,1,1,0,0,0,1,1,0,0,0,0,1,0
44009012,cmn,compound,binary,1,0,False,1,0,0,0,0,1,0,0,0,0,1,0,0,0,1,0,0
43020015,cmn,compound,binary,1,0,False,0,1,0,0,0,1,0,0,0,0,1,0,0,0,0,1,0
42017019,cmn,compound,binary,0,1,False,0,1,0,0,0,1,0,0,0,0,1,0,0,0,0,1,1
42002020a,cmn,compound,binary,1,0,False,1,0,0,0,1,1,0,0,0,0,1,0,0,0,0,0,1
43008033,cmn,compound,binary,1,0,False,1,0,1,0,0,0,0,1,0,0,0,0,1,1,0,0,0
43015024a,cmn,compound,binary,1,0,False,0,0,0,0,1,1,1,1,1,0,1,0,0,0,0,1,0
43001034b,cmn,compound,binary,1,0,False,1,0,0,0,0,1,0,0,0,0,0,1,0,0,1,0,0
43015015a,cmn,compound,binary,1,0,False,0,1,0,0,0,1,0,0,0,0,1,0,0,0,0,0,1
42018042,cmn,compound,binary,0,1,False,0,1,0,0,0,1,0,0,0,0,1,0,0,0,0,1,1
44013033a,cmn,compound,binary,0,1,False,0,1,0,0,0,1,0,0,0,0,1,0,0,0,0,1,1
43003018b,cmn,compound,binary,1,0,False,0,0,1,0,0,0,0,1,0,0,0,0,1,1,0,0,0
42019037,cmn,compound,binary,1,0,False,1,0,0,0,1,1,0,0,0,0,1,0,0,0,1,0,0
41009021,cmn,compound,binary,1,0,False,0,0,1,0,0,0,0,0,0,0,0,1,0,0,1,0,0
41005034,cmn,compound,binary,0,1,False,0,1,0,0,0,1,0,0,0,0,1,0,0,0,0,1,1
40026065,cmn,compound,binary,1,0,False,1,0,0,0,0,1,0,0,0,0,1,0,0,0,0,0,1
43016033,cmn,compound,binary,0,1,False,0,1,0,0,0,1,0,0,0,0,1,0,0,0,0,1,1
43011017,cmn,compound,binary,1,0,False,0,0,1,0,1,0,0,0,0,0,0,0,1,1,0,0,0
40007028,cmn,compound,binary,1,0,False,1,1,0,1,1,1,0,0,0,0,1,0,0,0,0,1,0
44007034a,cmn,compound,binary,1,0,False,1,0,0,0,0,1,0,0,0,0,1,0,0,0,1,0,0
42019016,cmn,compound,binary,0,1,False,0,1,0,0,0,1,0,0,0,0,1,0,0,0,0,1,1
40009033,cmn,compound,binary,1,0,False,1,0,0,0,0,0,0,1,0,0,1,0,0,1,0,0,0
43002010a,cmn,compound,binary,1,0,False,1,0,0,0,0,1,0,0,0,0,0,1,0,0,1,0,0
41010052,cmn,compound,binary,0,1,False,0,1,0,0,0,1,0,0,0,0,1,0,0,0,0,1,1
44008027,cmn,compound,binary,1,0,False,0,1,0,0,1,1,0,0,0,0,0,0,1,0,0,0,1
45003003,cmn,compound,binary,0,1,False,1,0,0,0,0,0,0,1,0,0,0,1,0,1,0,0,0
41014064,cmn,compound,binary,1,0,False,1,0,0,0,0,1,0,0,0,0,1,0,0,0,0,0,1
44004020a,cmn,compound,binary,1,0,False,1,0,0,0,0,1,0,1,0,0,1,0,0,0,1,0,0
44009013b,cmn,compound,binary,1,0,False,1,0,0,0,0,1,0,0,0,0,1,0,0,0,0,1,1
42022032,cmn,compound,binary,1,0,False,0,1,0,0,0,1,0,0,0,0,0,0,1,0,0,0,1
43014009b,cmn,compound,binary,1,0,False,1,0,0,0,0,1,0,0,0,0,1,0,0,0,1,0,0
45005014,cmn,compound,binary,1,0,False,1,0,0,0,1,1,0,1,0,0,0,1,0,0,1,0,0
42008027,cmn,compound,binary,1,0,False,0,0,1,0,1,0,0,0,0,0,0,0,1,1,0,0,0
40011023b,cmn,compound,binary,1,0,False,0,0,0,0,1,0,1,0,1,0,0,0,1,1,0,0,0
42016012,cmn,compound,binary,1,0,False,0,0,1,0,0,0,0,1,0,0,0,0,1,1,0,0,0
43013015a,cmn,compound,binary,0,1,False,1,1,0,0,0,1,0,0,0,0,1,0,0,0,0,0,1
42024018,cmn,compound,binary,1,0,False,1,0,0,0,0,1,0,1,0,0,0,0,1,0,1,0,0
42005026,cmn,compound,binary,1,0,False,1,0,0,0,0,1,0,0,0,0,1,0,0,0,1,0,0
44006011,cmn,compound,binary,1,0,False,1,0,0,0,0,1,0,0,0,0,1,0,0,0,0,0,1
40024043b,cmn,you,binary,0,1,False,0,0,0,0,1,0,1,0,1,0,0,1,0,0,1,0,0
43003019,cmn,you,binary,1,0,False,0,1,0,0,0,1,0,0,0,0,0,0,1,0,0,0,1
43005037a,cmn,you,binary,1,0,False,1,0,0,0,0,0,0,1,0,0,1,0,0,0,1,0,0
44022015b,cmn,you,binary,1,0,False,1,0,0,0,0,1,0,0,0,0,1,0,0,0,0,0,1
40008010,cmn,you,binary,1,0,False,1,0,0,0,0,1,0,1,0,0,1,0,0,0,0,0,1
42012039b,cmn,you,binary,0,1,False,0,0,0,0,1,1,1,0,1,0,0,1,0,0,1,0,0
41002012,cmn,you,binary,1,0,False,1,0,0,0,0,0,0,1,0,0,1,0,0,1,0,0,0
43020025,cmn,you,binary,1,0,False,1,0,0,0,0,1,0,0,0,0,1,0,0,0,0,0,1
40009033,cmn,you,binary,1,0,False,1,0,0,0,0,0,0,1,0,0,1,0,0,1,0,0,0
44024019,cmn,you,binary,1,0,False,0,0,0,0,1,0,1,0,1,0,0,0,1,1,0,0,0
42001034,cmn,you,binary,1,0,False,1,0,0,0,0,0,0,1,0,0,1,0,0,0,1,0,0
40011021b,cmn,you,binary,0,1,False,0,0,0,0,1,1,1,0,1,0,0,1,0,0,1,0,0
42023022b,cmn,you,binary,1,0,False,1,1,0,0,0,1,0,1,0,0,1,0,0,0,0,0,1
43005036,cmn,you,binary,1,0,False,1,0,0,0,0,1,0,0,0,0,1,0,0,0,0,0,1
43004010,cmn,you,binary,1,0,False,0,0,0,0,1,1,1,0,1,0,1,0,0,0,0,0,1
41014021b,cmn,you,binary,0,1,False,0,0,0,0,1,1,1,1,1,1,0,0,1,0,0,0,1
42015029b,cmn,you,binary,1,0,False,1,0,1,0,0,0,0,1,0,0,1,0,0,1,0,0,0
43007015,cmn,you,binary,1,0,False,0,0,1,0,0,0,0,1,0,0,1,0,0,1,0,0,0
42023014,cmn,you,binary,1,0,False,1,0,0,0,0,1,0,1,0,0,1,0,0,0,1,1,0
43016021,cmn,you,binary,1,0,False,0,1,0,0,0,1,0,0,0,0,0,0,1,0,0,0,1
40024043b,cmn,nullmarked,binary,1,0,False,0,0,0,0,1,0,1,0,1,0,0,1,0,0,1,0,0
43002010b,cmn,nullmarked,binary,0,1,False,0,0,1,0,0,0,0,0,0,0,1,0,0,0,1,0,0
44002036,cmn,nullmarked,binary,1,0,False,0,1,0,0,0,1,0,0,0,0,1,0,0,0,0,0,1
43007031,cmn,nullmarked,binary,1,0,False,1,0,0,0,0,1,0,0,0,0,1,0,0,0,0,1,0
41006052,cmn,nullmarked,binary,1,0,False,1,0,0,0,1,0,0,1,0,0,1,0,0,1,0,0,0
42001068a,cmn,nullmarked,binary,1,0,False,1,0,0,0,0,1,0,0,0,0,1,0,0,0,0,0,1
44023014a,cmn,nullmarked,binary,1,0,False,0,1,0,0,0,1,0,0,0,0,0,0,1,0,0,0,1
41012010,cmn,nullmarked,binary,0,1,False,1,0,0,0,0,1,0,1,0,0,1,0,0,0,0,1,0
44016037b,cmn,nullmarked,binary,1,0,False,0,1,0,0,0,1,0,0,0,0,1,0,0,0,0,0,1
42023041,cmn,nullmarked,binary,1,0,False,1,0,0,0,0,1,0,1,0,0,1,0,0,0,1,1,0
41010020,cmn,nullmarked,binary,0,1,False,0,0,1,0,0,0,0,0,0,0,1,0,0,0,1,0,0
41016010,cmn,nullmarked,binary,1,0,False,0,0,1,0,1,0,0,0,0,0,0,0,1,1,0,0,0
44014025,cmn,nullmarked,binary,1,0,False,1,0,0,0,1,1,0,0,0,0,1,0,0,0,0,1,0
42004035,cmn,nullmarked,binary,1,0,False,0,1,0,0,1,1,0,0,0,0,1,0,0,0,0,0,1
44007034b,cmn,nullmarked,binary,1,0,False,1,0,0,0,0,1,0,0,0,0,1,0,0,0,0,0,1
43008020,cmn,nullmarked,binary,1,0,False,0,0,1,0,0,0,0,1,0,0,0,0,1,0,0,0,1
43004001,cmn,nullmarked,binary,0,1,False,1,0,0,0,1,0,0,0,0,0,1,0,0,1,0,0,0
43015009,cmn,nullmarked,binary,0,1,False,0,0,1,0,0,0,0,0,0,0,1,0,0,1,0,0,0
41016006a,cmn,nullmarked,binary,1,0,False,0,1,0,0,0,1,0,1,0,1,1,0,0,0,0,0,1
43011032a,cmn,nullmarked,binary,0,1,False,0,0,0,0,1,0,1,1,1,0,0,0,1,1,0,0,0
43012034,cmn,nullmarked,binary,1,0,False,1,0,0,0,0,1,0,0,0,0,1,0,0,0,0,0,1
44028021b,cmn,nullmarked,binary,0,1,False,0,1,0,0,0,1,0,1,0,0,0,0,1,0,0,0,1
42004018,cmn,nullmarked,binary,1,0,False,0,1,0,0,0,1,0,0,0,0,1,0,0,0,0,0,1
44025025b,cmn,nullmarked,binary,1,0,False,1,0,0,0,0,1,0,0,0,0,1,0,0,0,0,0,1
44012025,cmn,nullmarked,binary,1,0,False,0,1,0,0,1,1,0,0,0,0,1,0,0,0,0,1,0
42001048,cmn,nullmarked,binary,1,0,False,1,0,0,0,0,1,0,0,0,0,1,0,0,0,1,0,0
44009027b,cmn,nullmarked,binary,1,0,False,1,0,0,0,1,1,0,0,0,0,0,1,0,0,1,0,0
40019028,cmn,nullmarked,binary,1,0,False,0,1,0,0,0,1,0,0,0,0,0,0,1,0,0,0,1
43015024b,cmn,nullmarked,binary,1,0,False,1,0,0,0,0,1,0,1,0,0,1,0,0,0,0,0,1
44011013,cmn,nullmarked,binary,1,0,False,1,0,0,0,1,1,0,0,0,0,1,0,0,0,0,0,1
44010015,cmn,nullmarked,binary,1,0,False,0,1,0,0,0,1,0,0,0,0,1,0,0,0,0,1,0
43012028,cmn,nullmarked,binary,1,0,False,0,1,0,0,0,1,0,0,0,0,1,0,0,0,0,0,1
44020013,cmn,nullmarked,binary,1,0,False,1,0,0,0,1,1,0,0,0,0,1,0,0,0,0,1,0
40017009,cmn,nullmarked,binary,1,0,False,0,1,0,0,0,1,0,0,0,0,0,0,1,0,0,0,1
43011021a,cmn,nullmarked,binary,0,1,False,0,0,0,0,1,0,1,0,1,0,0,0,1,1,0,0,0
40028006,cmn,nullmarked,binary,0,1,False,0,1,0,0,0,1,0,1,0,0,0,0,1,0,0,0,1
40019006,cmn,nullmarked,binary,0,1,False,0,1,0,0,0,1,0,1,0,0,1,0,0,0,0,0,1
43003018b,cmn,nullmarked,binary,0,1,False,0,0,1,0,0,0,0,1,0,0,0,0,1,1,0,0,0
43013038,cmn,nullmarked,binary,0,1,False,1,0,0,0,0,1,0,1,0,0,1,0,0,0,0,1,0
42012051,cmn,nullmarked,binary,1,0,False,0,1,0,0,0,1,0,0,0,0,0,0,1,0,0,0,1
42012039b,cmn,nullmarked,binary,1,0,False,0,0,0,0,1,1,1,0,1,0,0,1,0,0,1,0,0
43006045,cmn,nullmarked,binary,0,1,False,1,0,0,0,0,1,0,0,0,0,0,1,0,0,0,1,0
44002030,cmn,nullmarked,binary,0,1,False,1,0,0,0,1,1,0,0,0,0,0,1,0,0,0,0,1
43010029,cmn,nullmarked,binary,1,0,False,0,1,0,0,0,1,0,0,0,0,1,0,0,0,0,0,1
41009021,cmn,nullmarked,binary,0,1,False,0,0,1,0,0,0,0,0,0,0,0,1,0,0,1,0,0
44023001,cmn,nullmarked,binary,0,1,False,0,0,1,0,0,0,0,0,0,0,0,1,0,0,1,0,0
43006039,cmn,nullmarked,binary,1,0,False,0,1,0,0,0,1,0,0,0,0,1,0,0,0,0,0,1
44025008,cmn,nullmarked,binary,0,1,False,1,0,0,0,0,1,0,1,0,0,1,0,0,0,0,1,1
41005014,cmn,nullmarked,binary,0,1,False,1,0,0,0,1,1,0,0,0,0,0,0,1,0,0,0,1
43008057,cmn,nullmarked,binary,1,0,False,1,0,0,0,0,1,0,1,0,0,1,0,0,0,0,0,1
44023014b,cmn,nullmarked,binary,0,1,False,0,1,0,0,0,1,0,1,0,0,1,0,0,0,0,0,1
44016036,cmn,nullmarked,binary,1,0,False,1,0,0,0,0,1,0,0,0,0,1,0,0,0,0,0,1
45002012b,cmn,nullmarked,binary,1,0,False,1,0,0,0,0,1,0,0,0,0,0,1,0,0,1,0,0
44001007,cmn,nullmarked,binary,0,1,False,0,1,0,0,0,1,0,1,0,0,1,0,0,0,0,0,1
42008030,cmn,nullmarked,binary,0,1,False,0,1,0,0,1,1,0,0,0,0,0,0,1,0,0,0,1
45003013,cmn,nullmarked,binary,1,0,False,1,0,0,0,0,1,0,0,0,0,1,0,0,0,1,0,0
45003017,cmn,nullmarked,binary,0,1,False,0,0,1,0,0,0,0,1,0,0,1,0,0,1,0,0,0
40022031,cmn,nullmarked,binary,0,1,False,1,0,0,0,0,1,0,1,0,0,1,0,0,0,0,1,0
42007022b,cmn,nullmarked,binary,1,0,False,1,0,0,0,0,1,0,0,0,0,1,0,0,0,0,0,1
44004027,cmn,nullmarked,binary,1,0,False,0,1,0,0,0,1,0,0,0,0,1,0,0,0,0,1,0
45003012b,cmn,nullmarked,binary,1,0,False,1,0,0,0,0,1,0,1,0,0,0,1,0,0,1,0,0
44024019,cmn,nullmarked,binary,0,1,False,0,0,0,0,1,0,1,0,1,0,0,0,1,1,0,0,0
42024001,cmn,nullmarked,binary,1,0,False,1,0,0,0,1,1,0,0,0,0,1,0,0,0,0,1,0
40018013a,cmn,nullmarked,binary,1,0,False,0,0,0,0,1,1,1,0,1,1,1,0,0,0,0,0,1
42001068b,cmn,nullmarked,binary,1,0,False,0,1,0,0,0,1,0,0,0,0,1,0,0,0,0,0,1
40020023,cmn,nullmarked,binary,1,0,False,0,1,0,0,0,1,0,0,0,1,1,0,0,0,0,1,0
40014004,cmn,nullmarked,binary,1,0,False,1,0,0,0,1,1,0,0,0,0,1,0,0,0,0,0,1
41010028b,cmn,nullmarked,binary,0,1,False,0,1,1,0,0,1,0,0,0,0,1,0,0,0,1,0,1
44008027,cmn,nullmarked,binary,0,1,False,0,1,0,0,1,1,0,0,0,0,0,0,1,0,0,0,1
44022029,cmn,nullmarked,binary,1,0,False,0,1,0,0,1,1,0,0,0,0,1,0,0,0,0,0,1
44023021,cmn,nullmarked,binary,0,1,False,0,1,0,0,0,1,0,1,0,0,1,0,0,0,0,0,1
45003003,cmn,nullmarked,binary,1,0,False,1,0,0,0,0,0,0,1,0,0,0,1,0,1,0,0,0
44015024a,cmn,nullmarked,binary,1,0,False,1,0,0,0,0,1,0,0,0,0,0,1,0,0,1,0,0
42008002b,cmn,nullmarked,binary,0,1,False,0,1,0,0,1,1,0,0,0,0,0,0,1,0,0,0,1
42018021,cmn,nullmarked,binary,0,1,False,0,0,1,0,0,0,0,0,0,0,1,0,0,0,1,0,0
43010018,cmn,nullmarked,binary,1,0,False,0,1,0,0,0,1,0,0,0,0,1,0,0,0,0,0,1
42008002a,cmn,nullmarked,binary,1,0,False,0,1,0,0,1,1,0,0,0,1,1,0,0,0,0,1,1
42018028,cmn,nullmarked,binary,1,0,False,0,1,0,0,0,1,0,0,0,0,1,0,0,0,0,0,1
41015034,cmn,nullmarked,binary,1,0,False,1,0,0,0,0,1,0,0,0,0,1,0,0,0,0,0,1
43017026,cmn,nullmarked,binary,1,0,False,0,1,0,0,0,1,0,0,0,0,1,0,0,0,0,0,1
40011023b,cmn,nullmarked,binary,0,1,False,0,0,0,0,1,0,1,0,1,0,0,0,1,1,0,0,0
44007044b,cmn,nullmarked,binary,1,0,False,1,0,0,0,1,1,0,0,0,0,1,0,0,0,1,0,0
44019026b,cmn,nullmarked,binary,1,0,False,1,0,0,0,0,1,0,0,0,0,1,0,0,0,0,1,0
43009018b,cmn,nullmarked,binary,0,1,False,0,1,0,1,1,1,0,0,0,0,1,0,0,0,0,0,1
42016012,cmn,nullmarked,binary,0,1,False,0,0,1,0,0,0,0,1,0,0,0,0,1,1,0,0,0
40026047,cmn,nullmarked,binary,1,0,False,1,0,0,0,1,1,0,0,0,0,1,0,0,0,0,0,1
42009008a,cmn,nullmarked,binary,0,1,False,1,0,0,0,1,1,0,0,0,0,0,0,1,0,0,0,1
42009008b,cmn,nullmarked,binary,0,1,False,0,1,0,0,1,1,0,0,0,0,0,0,1,0,0,0,1
43003024,cmn,nullmarked,binary,1,0,False,1,0,0,0,1,1,0,1,0,1,1,0,0,0,0,0,1
44028021a,cmn,nullmarked,binary,1,0,False,1,0,0,0,0,0,0,1,0,0,1,0,0,1,0,0,0
40028020,cmn,nullmarked,binary,1,0,False,1,0,0,0,0,1,0,0,0,0,1,0,0,0,0,1,0
43003013,cmn,nullmarked,binary,0,1,False,0,1,0,0,0,1,0,1,0,0,0,0,1,0,0,0,1
40011025b,cmn,nullmarked,binary,1,0,False,0,1,0,0,0,1,0,0,0,0,1,0,0,0,0,0,1
41010009,cmn,nullmarked,binary,0,1,False,0,1,0,0,0,1,0,1,0,0,1,0,0,0,0,0,1
44015016,cmn,nullmarked,binary,1,0,False,0,1,0,0,0,1,0,0,0,0,0,0,1,0,0,0,1
43011039b,cmn,nullmarked,binary,0,1,False,0,0,1,0,0,0,0,0,0,0,0,0,1,1,0,0,0
40015006,cmn,nullmarked,binary,0,1,False,0,1,0,0,0,1,0,1,0,0,1,0,0,0,0,0,1
44009027c,cmn,nullmarked,binary,1,0,False,1,0,0,0,1,1,0,0,0,0,0,1,0,0,1,0,0
41014021b,cmn,nullmarked,binary,1,0,False,0,0,0,0,1,1,1,1,1,1,0,0,1,0,0,0,1
44011008,cmn,nullmarked,binary,0,1,False,1,0,0,0,0,1,0,1,0,0,0,0,1,0,0,0,1
40027060,cmn,nullmarked,binary,1,0,False,0,1,0,0,1,1,0,0,0,0,1,0,0,0,0,1,0
41009013b,cmn,nullmarked,binary,1,0,False,1,0,0,0,0,1,0,0,0,0,1,0,0,0,0,1,1
42024004,cmn,nullmarked,binary,0,1,False,1,0,0,0,1,1,0,0,0,0,0,0,1,0,0,0,1
40027046,cmn,nullmarked,binary,1,0,False,1,0,0,0,0,1,0,0,0,0,1,0,0,0,0,0,1
41004015a,cmn,nullmarked,binary,0,1,False,1,0,0,0,0,1,0,0,0,0,0,1,0,0,0,0,1
43007015,cmn,nullmarked,binary,0,1,False,0,0,1,0,0,0,0,1,0,0,1,0,0,1,0,0,0
43015012,cmn,nullmarked,binary,0,1,False,0,0,1,0,0,0,0,0,0,0,1,0,0,1,0,0,0
45005012,cmn,nullmarked,binary,1,0,False,1,0,0,0,0,1,0,0,0,0,0,1,0,0,1,0,0
43018035,cmn,nullmarked,binary,1,0,False,1,0,0,0,0,1,0,0,0,0,1,0,0,0,0,1,1
41006014a,cmn,nullmarked,binary,1,0,False,0,1,0,0,1,1,0,0,0,0,0,0,1,0,0,1,0
